Date,Open,High,Low,Close,Volume,Dividends,Stock Splits,Daily_Return,Cumulative_Return
2023-11-13 05:00:00+00:00,48.2915356693,49.0870682004,48.0706651835,48.5913581848,384136000,0.0,0.0,,
2023-11-14 05:00:00+00:00,49.6507350675,49.804643679,49.0111126854,49.6267471313,416954000,0.0,0.0,0.021308088211123177,0.021308088211123177
2023-11-15 05:00:00+00:00,49.9055874948,49.9305704812,48.1716088749,48.8592033386,475497000,0.0,0.0,-0.015466332916587833,0.005512197308445987
2023-11-16 05:00:00+00:00,48.6503283648,49.4958307321,48.3015349058,49.4508552551,339756000,0.0,0.0,0.012109323854500698,0.017688270145304497
2023-11-17 05:00:00+00:00,49.4948314999,49.6877186271,48.9781376909,49.2689666748,325205000,0.0,0.0,-0.0036781685445419487,0.013945041161906646
2023-11-20 05:00:00+00:00,49.2829565947,50.518228679,49.1520332323,50.3793106079,414120000,0.0,0.0,0.022536375492281602,0.03679568733806837
2023-11-21 05:00:00+00:00,50.0964694722,50.4872379693,49.1930027032,49.9145774841,565747000,0.0,0.0,-0.009224682080646196,0.02723157673978971
2023-11-22 05:00:00+00:00,49.8226340188,50.3053473852,47.6619050631,48.6873016357,899420000,0.0,0.0,-0.024587523530394284,0.0019744961755361334
2023-11-24 05:00:00+00:00,48.4414436787,48.8921781721,47.7168685465,47.7478523254,294645000,0.0,0.0,-0.019295571509166498,-0.01735917436578005
2023-11-27 05:00:00+00:00,47.7718401266,48.5014096241,47.6239285033,48.2135810852,395662000,0.0,0.0,0.009753920587382225,-0.0077745737866241615
2023-11-28 05:00:00+00:00,48.2075840431,48.2945345905,47.4450330414,47.7928276062,401491000,0.0,0.0,-0.008726866362746777,-0.016433592482907766
2023-11-29 05:00:00+00:00,48.3505100331,48.7332838954,47.8318146784,48.1116485596,382005000,0.0,0.0,0.00667089539097776,-0.009872323868281407
2023-11-30 05:00:00+00:00,47.9957098528,48.0816615432,46.3946561296,46.7424507141,526247000,0.0,0.0,-0.02845875970772138,-0.03805012948327857
2023-12-01 05:00:00+00:00,46.4975969626,47.1721986057,46.1597948038,46.7374534607,369317000,0.0,0.0,-0.0001069103849639097,-0.03815297191425149
2023-12-04 05:00:00+00:00,46.0498598167,46.0498598167,44.9834869492,45.4831924438,437543000,0.0,0.0,-0.026836314861584665,-0.06396540160864006
2023-12-05 05:00:00+00:00,45.4432125933,46.5766431176,45.2483106299,46.5426635742,371718000,0.004,0.0,0.023293684402410975,-0.042161707083974265
2023-12-06 05:00:00+00:00,47.1913379064,47.3632525915,45.3892400938,45.4801940918,380590000,0.0,0.0,-0.022827861596407595,-0.06402710706640058
2023-12-07 05:00:00+00:00,45.6770999963,46.6056353183,45.5811474319,46.5726509094,350823000,0.0,0.0,0.024020495941484254,-0.04154457399034983
2023-12-08 05:00:00+00:00,46.5716464988,47.7170719999,46.5266670714,47.4821891785,359224000,0.0,0.0,0.01952945025331232,-0.022826466428077063
2023-12-11 05:00:00+00:00,47.4671992672,47.507176322,45.80703244,46.6036300659,509728000,0.0,0.0,-0.018502919258782113,-0.0409070294215772
2023-12-12 05:00:00+00:00,46.022921299,47.6421082213,46.022921299,47.6331138611,372387000,0.0,0.0,0.02209020614369006,-0.01972046799053573
2023-12-13 05:00:00+00:00,47.6051341847,48.5696507648,47.5841447996,48.0639038086,447792000,0.0,0.0,0.00904391740494237,-0.010854900869286532
2023-12-14 05:00:00+00:00,48.3657522037,48.6456106817,47.3982387423,48.3257713318,391232000,0.0,0.0,0.005448319891842468,-0.005465721949774127
2023-12-15 05:00:00+00:00,48.1698472518,49.3792399309,48.0958830262,48.8654975891,479948000,0.0,0.0,0.011168497520594123,0.005641731668775796
2023-12-18 05:00:00+00:00,49.3752439211,50.4077233493,49.1253692126,50.051902771,412587000,0.0,0.0,0.024278995209999543,0.03005770245493755
2023-12-19 05:00:00+00:00,49.3992258154,49.6750884455,48.8704916498,49.5791358948,464444000,0.0,0.0,-0.009445532537754486,0.020328258910634833
2023-12-20 05:00:00+00:00,49.6301083057,49.9739376385,48.0738895734,48.0868835449,397894000,0.0,0.0,-0.03009839366838407,-0.010381982697034386
2023-12-21 05:00:00+00:00,48.7865353381,49.0703933856,48.3947297152,48.9654464722,300425000,0.0,0.0,0.01827032368358128,0.00769865880219478
2023-12-22 05:00:00+00:00,49.1703454922,49.358251001,48.4427096908,48.8055305481,252507000,0.0,0.0,-0.003265893310924639,0.004407622492984986
2023-12-26 05:00:00+00:00,48.9434542231,49.5751374146,48.9354588125,49.2542991638,244200000,0.0,0.0,0.009195036108821997,0.01364318684978394
2023-12-27 05:00:00+00:00,49.4861932858,49.6551073245,49.0604042389,49.3922386169,233648000,0.0,0.0,0.0028005566101199086,0.016481951977019182
2023-12-28 05:00:00+00:00,49.6181224946,49.8589990309,49.3872354562,49.4971809387,246587000,0.0,0.0,0.0021246723116552513,0.018641643035681943
2023-12-29 05:00:00+00:00,49.7880354673,49.9719451756,48.7265674242,49.4971809387,389293000,0.0,0.0,0.0,0.018641643035681943
2024-01-02 05:00:00+00:00,49.2193169392,49.2702900649,47.5711452052,48.1438560486,411254000,0.0,0.0,-0.027341453885546096,-0.009209500473275067
2024-01-03 05:00:00+00:00,47.4611970456,48.1598441455,47.2962788427,47.5451545715,320896000,0.0,0.0,-0.012435677700922576,-0.021530651794525513
2024-01-04 05:00:00+00:00,47.7430585833,48.4756929289,47.4841895166,47.9739456177,306535000,0.0,0.0,0.009018606629097592,-0.012706221644430804
2024-01-05 05:00:00+00:00,48.4377152305,49.5221705713,48.2817913657,49.0723953247,415039000,0.0,0.0,0.022896797268947777,0.009899643843470196
2024-01-08 05:00:00+00:00,49.4871868602,52.2488026017,49.4542024534,52.2268104553,642510000,0.0,0.0,0.06428084689422664,0.07481684822790635
2024-01-09 05:00:00+00:00,52.3747409141,54.2977765137,51.6640948736,53.113368988,773100000,0.0,0.0,0.016975161319850995,0.09306203761586884
2024-01-10 05:00:00+00:00,53.5891320258,54.5726362507,53.4621929559,54.3227615356,533796000,0.0,0.0,0.022770021383377914,0.11795108358574091
2024-01-11 05:00:00+00:00,54.971438397,55.3182646237,53.5331603598,54.7945251465,596759000,0.0,0.0,0.008684455605056707,0.12765988013976637
2024-01-12 05:00:00+00:00,54.592623995,54.9424508666,54.3027722375,54.6825790405,352994000,0.0,0.0,-0.0020430162630425963,0.12535605266546024
2024-01-16 05:00:00+00:00,54.9904296524,56.8065166043,54.8724887569,56.3537445068,449580000,0.0,0.0,0.030561204237683492,0.1597482888310826
2024-01-17 05:00:00+00:00,56.3187613515,56.4426997569,54.7125682686,56.0249099731,474394000,0.0,0.0,-0.005835185160771639,0.15298094282586527
2024-01-18 05:00:00+00:00,57.2313076152,57.5711374072,56.0788854596,57.0783843994,491650000,0.0,0.0,0.018803679056437872,0.1746612264329519
2024-01-19 05:00:00+00:00,57.9599355123,59.4701798161,57.1963184745,59.4611854553,543501000,0.0,0.0,0.04174611949817275,0.223698774361492
2024-01-22 05:00:00+00:00,60.0189060482,60.3007662177,59.0403965855,59.6241035461,452955000,0.0,0.0,0.002739906538232084,0.22705159463419156
2024-01-23 05:00:00+00:00,59.5401451406,59.8799748961,58.5556381807,59.8429946899,294654000,0.0,0.0,0.003671185490122353,0.23155632864404407
2024-01-24 05:00:00+00:00,60.2737770247,62.8174996631,59.907959332,61.3312454224,560271000,0.0,0.0,0.02486925562819775,0.2621842178016176
2024-01-25 05:00:00+00:00,62.3187511506,62.6875695168,60.8195028905,61.5861206055,482777000,0.0,0.0,0.004155715106461955,0.2674294958226737
2024-01-26 05:00:00+00:00,60.9294484237,61.7520378303,60.542645148,61.0004119873,390309000,0.0,0.0,-0.00951039962318545,0.25537573482318754
2024-01-29 05:00:00+00:00,61.2013054595,62.4576753486,60.8764714184,62.4336891174,348733000,0.0,0.0,0.023496187704411087,0.2848722787281561
2024-01-30 05:00:00+00:00,62.8684785698,63.4611798873,62.2287961093,62.7425384521,410735000,0.0,0.0,0.004946837822112915,0.2912283335131529
2024-01-31 05:00:00+00:00,61.4092042203,62.2377910955,60.6695772516,61.4961624146,453795000,0.0,0.0,-0.01986492845601917,0.26557817504752923
2024-02-01 05:00:00+00:00,62.0688773436,63.1593340101,61.6191059092,62.9954147339,369146000,0.0,0.0,0.024379607774420275,0.29643247456305466
2024-02-02 05:00:00+00:00,63.9419372328,66.5666206137,63.6580791682,66.1268463135,476578000,0.0,0.0,0.04970888108011562,0.36087668226950953
2024-02-05 05:00:00+00:00,68.1908089621,69.4621746985,67.1713234688,69.2972564697,680078000,0.0,0.0,0.04794437256495554,0.4261230609391995
2024-02-06 05:00:00+00:00,69.5951048741,69.7190432853,66.2667793702,68.1888122559,683111000,0.0,0.0,-0.015995499248728007,0.4033115105893528
2024-02-07 05:00:00+00:00,68.2847515755,70.1847995705,67.5661102448,70.0638580322,495575000,0.0,0.0,0.027497850662998813,0.44189956094120597
2024-02-08 05:00:00+00:00,70.0388759961,70.7585163479,69.4201905739,69.6060943604,414422000,0.0,0.0,-0.006533520771716983,0.4324788802090671
2024-02-09 05:00:00+00:00,70.4976583326,72.1488310662,70.1768200157,72.096862793,436637000,0.0,0.0,0.03578376944558248,0.48373837419413457
2024-02-12 05:00:00+00:00,72.5636129543,74.5736066716,71.2142910697,72.2117919922,613710000,0.0,0.0,0.0015940943162808807,0.4861035931032853
2024-02-13 05:00:00+00:00,70.3647269138,73.413194106,69.5851189605,72.0918579102,602580000,0.0,0.0,-0.0016608656106049668,0.4836353747517037
2024-02-14 05:00:00+00:00,73.1653201817,74.198798603,71.9019536637,73.8629684448,504917000,0.0,0.0,0.02456741421210351,0.5200844595429581
2024-02-15 05:00:00+00:00,73.8319735011,73.937915545,72.363708127,72.6215744019,420122000,0.0,0.0,-0.016806717480190803,0.4945368294853911
2024-02-16 05:00:00+00:00,74.0628610072,74.3647116029,72.4646633707,72.5766067505,495327000,0.0,0.0,-0.0006192051297475576,0.493611404613977
2024-02-20 05:00:00+00:00,71.9109350487,71.9199332216,67.7000493838,69.4171905518,704833000,0.0,0.0,-0.043532156436594915,0.428591279292839
2024-02-21 05:00:00+00:00,67.9719233058,68.8534851751,66.2148085181,67.4381942749,673755000,0.0,0.0,-0.02850873481293159,0.3878639493554128
2024-02-22 05:00:00+00:00,74.9874020522,78.5356183615,74.1828051804,78.4986419678,865100000,0.0,0.0,0.1640086572872046,0.6154856521865111
2024-02-23 05:00:00+00:00,80.7495148155,82.3527072855,77.5311272263,78.7775039673,829388000,0.0,0.0,0.0035524436157048367,0.6212245738778839
2024-02-26 05:00:00+00:00,79.6600575647,80.6055902753,78.46565671,79.0523681641,503973000,0.0,0.0,0.003489120408207924,0.6268812216248894
2024-02-27 05:00:00+00:00,79.3412196219,79.4401766634,77.1233373987,78.6615600586,391705000,0.0,0.0,-0.00494366095002674,0.6188384724592106
2024-02-28 05:00:00+00:00,77.5810991272,78.8934369563,77.086344479,77.6240768433,393110000,0.0,0.0,-0.013189202127787847,0.5974872846337067
2024-02-29 05:00:00+00:00,79.0543684545,79.9499155725,78.3107379722,79.0723571777,507289000,0.0,0.0,0.01865761749828776,0.6272925913487808
2024-03-01 05:00:00+00:00,79.9598979014,82.2587480163,79.3951786823,82.2377548218,479135000,0.0,0.0,0.040031659066219305,0.6924358135666397
2024-03-04 05:00:00+00:00,84.0878199929,87.651035176,83.6770305557,85.1942672729,615616000,0.0,0.0,0.035950792400722076,0.7532802221517212
2024-03-05 05:00:00+00:00,85.2312646361,86.0578924671,83.3791094927,85.924949646,520639000,0.004,0.0,0.00857666127650858,0.7683175127399182
2024-03-06 05:00:00+00:00,87.9820203113,89.6832430511,86.990466522,88.6597061157,582520000,0.0,0.0,0.03182726880803366,0.8245982295558452
2024-03-07 05:00:00+00:00,90.1170314434,92.7248471339,89.5612843208,92.6268920898,608119000,0.0,0.0,0.04474621164345893,0.9062420880998314
2024-03-08 05:00:00+00:00,95.094778823,97.3557522223,86.4666966009,87.4882354736,1142269000,0.0,0.0,-0.05547694087822963,0.8004896084787241
2024-03-11 04:00:00+00:00,86.3897323121,88.7566526419,84.1277600057,85.7350311279,678364000,0.0,0.0,-0.02003931541434545,0.7644090293141677
2024-03-12 04:00:00+00:00,88.0090106311,91.9182296909,86.1108711066,91.8712539673,668075000,0.0,0.0,0.07157194391457034,0.8906912134026028
2024-03-13 04:00:00+00:00,91.0136417976,91.462435354,88.3948290944,90.8467178345,635713000,0.0,0.0,-0.011151868387087371,0.8696064738301146
2024-03-14 04:00:00+00:00,89.536306426,90.6048209968,86.5606539483,87.904045105,602318000,0.0,0.0,-0.03239162404150708,0.8090468838242417
2024-03-15 04:00:00+00:00,86.8905030432,89.5053117607,86.217812303,87.797088623,642086000,0.0,0.0,-0.0012167412986767712,0.8068457417694503
2024-03-18 04:00:00+00:00,90.3469383297,92.3630203232,87.0454374389,88.4148178101,668976000,0.0,0.0,0.007035873248058877,0.8195584793873352
2024-03-19 04:00:00+00:00,86.6606187165,90.5028745811,84.9713914825,89.3573989868,672171000,0.0,0.0,0.010660895990584951,0.8389566030848705
2024-03-20 04:00:00+00:00,89.7562045087,90.3689326268,88.1829220394,90.330947876,479063000,0.0,0.0,0.010895000304829816,0.858992035836049
2024-03-21 04:00:00+00:00,92.2580756985,92.6059171921,90.3639322333,91.3934631348,480372000,0.0,0.0,0.011762472151388925,0.8808583778872243
2024-03-22 04:00:00+00:00,91.0995974211,94.7349463262,90.792737671,94.2461700439,586719000,0.0,0.0,0.031213467695084596,0.9395664901044365
2024-03-25 04:00:00+00:00,93.8983168748,96.7220301978,93.4675129571,94.9588317871,552136000,0.0,0.0,0.0075617050843344025,0.9542329198940638
2024-03-26 04:00:00+00:00,95.8074499566,96.331213962,92.4599724833,92.5189437866,513648000,0.0,0.0,-0.02569416614107345,0.9040205345719505
2024-03-27 04:00:00+00:00,93.0696910744,93.1976312663,89.0825051913,90.2089920044,586067000,0.0,0.0,-0.02496733844614607,0.8564822094768807
2024-03-28 04:00:00+00:00,89.95910798,91.2585203678,89.1524754382,90.3149490356,435212000,0.0,0.0,0.0011745728318837134,0.8586627830430076
2024-04-01 04:00:00+00:00,90.2579789035,92.1830987574,89.1634751644,90.3219451904,452441000,0.0,0.0,7.74639732925575e-05,0.8588067624471931
2024-04-02 04:00:00+00:00,88.4078124238,90.0530682987,87.5801933164,89.4113616943,433064000,0.0,0.0,-0.010081531062915872,0.8400671443316237
2024-04-03 04:00:00+00:00,88.4438063003,90.3329471364,88.3598448243,88.9235839844,370067000,0.0,0.0,-0.005455433187201986,0.8300287809657569
2024-04-04 04:00:00+00:00,90.3649211636,90.5928220226,85.8409766307,85.8659667969,434965000,0.0,0.0,-0.03438477230108494,0.7671036580278174
2024-04-05 04:00:00+00:00,86.826530518,88.4408022477,85.8869627843,87.9680175781,399678000,0.0,0.0,0.024480604593575706,0.8103634239558577
2024-04-08 04:00:00+00:00,88.6596960556,88.7896418706,86.6925955251,87.0934143066,283220000,0.0,0.0,-0.009942286930855415,0.7923642713457628
2024-04-09 04:00:00+00:00,87.4022646384,87.5951777256,82.9842750713,85.3152084351,501700000,0.0,0.0,-0.020417225408571937,0.7557691660034256
2024-04-10 04:00:00+00:00,83.8878736337,87.3602943662,83.6709693528,86.999458313,431929000,0.0,0.0,0.01974149637319611,0.7904306766262517
2024-04-11 04:00:00+00:00,87.3802893069,90.6977819587,86.8865180285,90.574836731,431637000,0.0,0.0,0.04109655953416147,0.8640112175200114
2024-04-12 04:00:00+00:00,89.6582559673,90.1340453185,87.4902424142,88.145942688,426805000,0.0,0.0,-0.02681643302558323,0.8140250855464501
2024-04-15 04:00:00+00:00,89.0575303848,90.5718416469,85.889971057,85.9619369507,443077000,0.0,0.0,-0.024777155597852984,0.7690787037434572
2024-04-16 04:00:00+00:00,86.3937337639,88.0779658597,86.0249057253,87.375289917,370453000,0.0,0.0,0.016441613770413088,0.7981652125198702
2024-04-17 04:00:00+00:00,88.2998550494,88.734662573,83.9118504553,83.9968185425,495400000,0.0,0.0,-0.03866621075259724,0.728636977444588
2024-04-18 04:00:00+00:00,84.9314056276,86.1508526919,82.3645712872,84.6325378418,447260000,0.0,0.0,0.0075683735447473754,0.7417199478131518
2024-04-19 04:00:00+00:00,83.1122381834,84.285700974,75.571665642,76.1653900146,875198000,0.0,0.0,-0.10004601118103384,0.5674678144400076
2024-04-22 04:00:00+00:00,78.0685209711,80.0366284087,76.3653001848,79.481880188,596341000,0.0,0.0,0.043543270411459334,0.635720489345428
2024-04-23 04:00:00+00:00,80.7323110183,82.7314025961,80.2275431402,82.385559082,438559000,0.0,0.0,0.03653258940442616,0.6954775943630915
2024-04-24 04:00:00+00:00,83.9118620621,84.0438058826,79.1470292141,79.6408081055,512208000,0.0,0.0,-0.03331592341041345,0.6389911926852188
2024-04-25 04:00:00+00:00,78.8321694422,83.285147533,78.187465797,82.5944671631,424641000,0.0,0.0,0.03708725624289633,0.6997768790281857
2024-04-26 04:00:00+00:00,83.7799315265,88.2908822568,83.3491275263,87.6951522827,551011000,0.0,0.0,0.061755772448142565,0.8047479131820643
2024-04-29 04:00:00+00:00,87.5552036086,87.9520187834,85.2272593791,87.7171325684,388971000,0.0,0.0,0.0002506442503134032,0.8052002628697685
2024-04-30 04:00:00+00:00,87.2003716222,88.7786567865,86.2608037756,86.3627548218,363709000,0.0,0.0,-0.015440287512178852,0.7773274517939985
2024-05-01 04:00:00+00:00,85.038351122,85.9609283053,81.218081318,83.0032730103,559863000,0.0,0.0,-0.038899660142059034,0.7081900179580602
2024-05-02 04:00:00+00:00,84.4106327684,86.1978225027,83.1621996333,85.7780151367,377898000,0.0,0.0,0.033429309782226024,0.7652936312352865
2024-05-03 04:00:00+00:00,87.7491191533,89.2404381083,87.000458873,88.748664856,398341000,0.0,0.0,0.03463183094835931,0.8264289818464423
2024-05-06 04:00:00+00:00,89.3493937266,92.1781100212,89.0145468164,92.0981445312,376203000,0.0,0.0,0.03774118383228342,0.895360573806919
2024-05-07 04:00:00+00:00,91.0566147448,91.7393031231,88.9705648593,90.5128631592,437342000,0.0,0.0,-0.017212956678654523,0.8627358143595507
2024-05-08 04:00:00+00:00,89.4423471195,91.1525683009,89.3793722037,90.3709259033,325721000,0.0,0.0,-0.0015681445812882888,0.8598147752858911
2024-05-09 04:00:00+00:00,90.4878683449,91.030620906,88.1909158966,88.7066802979,378013000,0.0,0.0,-0.01841571931199215,0.8255649484119303
2024-05-10 04:00:00+00:00,90.2639737942,91.3594765409,89.1864606125,89.8371658325,335325000,0.0,0.0,0.012744085685582496,0.848830104539088
2024-05-13 04:00:00+00:00,90.4368995435,90.9566676175,88.4887873275,90.3579406738,289680000,0.0,0.0,0.005796875229467702,0.8595475419755849
2024-05-14 04:00:00+00:00,89.5583008235,91.6093707039,88.8936019687,91.3145065308,296507000,0.0,0.0,0.010586406129520887,0.8792334674720907
2024-05-15 04:00:00+00:00,92.4299963455,94.81891012,91.5573917922,94.5870132446,417735000,0.0,0.0,0.035837752818564494,0.9465809719677294
2024-05-16 04:00:00+00:00,94.8668837605,95.7754673635,94.0602435672,94.3161315918,323952000,0.0,0.0,-0.002863835567991857,0.9410062841442322
2024-05-17 04:00:00+00:00,94.3261217665,94.6969477535,91.7642828622,92.4369735718,359691000,0.0,0.0,-0.01992403619916261,0.9023336046761403
2024-05-20 04:00:00+00:00,93.7074076447,95.1567458326,93.3975509237,94.7369384766,318764000,0.0,0.0,0.024881438843446402,0.9496664019207226
2024-05-21 04:00:00+00:00,93.5564759184,95.3566602046,93.1376675561,95.342666626,328946000,0.0,0.0,0.0063937906284528,0.9621321606899327
2024-05-22 04:00:00+00:00,95.4156471334,95.9763893671,93.2066517153,94.9068756104,548648000,0.0,0.0,-0.004570786941689775,0.9531636726319817
2024-05-23 04:00:00+00:00,101.9816471812,106.2716970847,101.4738747391,103.7518463135,835065000,0.0,0.0,0.09319631108086712,1.1351913218584406
2024-05-24 04:00:00+00:00,104.4015448525,106.4266253884,102.9532056548,106.4206314087,429494000,0.0,0.0,0.025722772076131717,1.1901143615695395
2024-05-28 04:00:00+00:00,110.1939220305,114.886788897,109.8330859633,113.8492584229,652728000,0.0,0.0,0.06980438770064179,1.3429939535732833
2024-05-29 04:00:00+00:00,112.9986472174,115.4395315931,110.850621381,114.7728347778,557442000,0.0,0.0,0.008112273788111413,1.3620009620085596
2024-05-30 04:00:00+00:00,114.5979147166,115.7663823454,109.6131808559,110.449798584,484553000,0.0,0.0,-0.037666022645248654,1.273033780285446
2024-05-31 04:00:00+00:00,112.4688804362,112.6657971647,106.8914211452,109.5831985474,613263000,0.0,0.0,-0.007846098840469384,1.2551993325776003
2024-06-03 04:00:00+00:00,113.5693826013,114.9477539062,111.9521138377,114.9477539062,438392000,0.0,0.0,0.048954177555600165,1.365600761127875
2024-06-04 04:00:00+00:00,115.663443938,116.5470374739,113.993197678,116.3841094971,403324000,0.0,0.0,0.012495725597840623,1.395160659112972
2024-06-05 04:00:00+00:00,118.3172248758,122.3933674955,117.4146352412,122.3843765259,528402000,0.0,0.0,0.051555724013590654,1.5186449010224101
2024-06-06 04:00:00+00:00,123.9916411105,125.5299434019,118.266246532,120.943031311,664696000,0.0,0.0,-0.011777199474435895,1.4889823176177983
2024-06-07 04:00:00+00:00,119.7155957011,121.6367274037,117.9683961911,120.8330917358,412386000,0.0,0.0,-0.0009090195111556287,1.4867197841281623
2024-06-10 04:00:00+00:00,120.315319473,123.044074982,116.956845288,121.7346725464,313434100,0.0,10.0,0.007461373351029588,1.505274128856934
2024-06-11 04:00:00+00:00,121.724678417,122.8242751395,118.6958072896,120.8650054932,222551200,0.01,0.0,-0.007143955251274203,1.4873765625882052
2024-06-12 04:00:00+00:00,123.014201239,126.8327793352,122.5243857261,125.1534042358,299595000,0.0,0.0,0.035480896435662324,1.5756309128018908
2024-06-13 04:00:00+00:00,129.3418329957,129.7516840309,127.1126674008,129.5617523193,260704500,0.0,0.0,0.03522355712509673,1.6663537953921335
2024-06-14 04:00:00+00:00,129.9116488754,132.7905668615,128.272259726,131.8309326172,309320400,0.0,0.0,0.01751427606742828,1.7130530518580667
2024-06-17 04:00:00+00:00,132.9405210129,133.680235903,129.5317861849,130.9312591553,288504400,0.0,0.0,-0.006824448891007973,1.694537959967068
2024-06-18 04:00:00+00:00,131.0911910756,136.279261877,130.6413616094,135.5295410156,294335100,0.0,0.0,0.03511981699378497,1.789169640003918
2024-06-20 04:00:00+00:00,139.7479866339,140.7076208979,129.4718128096,130.731338501,517768400,0.0,0.0,-0.03540337020729445,1.6904236346679133
2024-06-21 04:00:00+00:00,127.0726865148,130.5813821684,124.253736472,126.5228881836,649445800,0.0,0.0,-0.03219159511143399,1.6038146063424512
2024-06-24 04:00:00+00:00,123.1941279062,124.4136750422,117.9960663981,118.0660400391,476060900,0.0,0.0,-0.06684046077282157,1.4297744382875188
2024-06-25 04:00:00+00:00,121.1548811779,126.4529113441,119.2755837391,126.0430603027,414192600,0.0,0.0,0.06756405365131446,1.5939398487965692
2024-06-26 04:00:00+00:00,126.0830625085,128.0723198661,122.5543772914,126.3529663086,362975900,0.0,0.0,0.002458731207856557,1.6003176496541083
2024-06-27 04:00:00+00:00,124.0538149595,126.3629604847,122.8742537886,123.9438552856,252571700,0.0,0.0,-0.019066517339340394,1.5507386480991854
2024-06-28 04:00:00+00:00,124.533640069,127.6624725112,122.704319263,123.4940261841,315516700,0.0,0.0,-0.0036292973174303356,1.541481259166173
2024-07-01 04:00:00+00:00,123.4240530786,124.7935383657,118.785780419,124.2537460327,284885500,0.0,0.0,0.00615187529368777,1.5571161349338078
2024-07-02 04:00:00+00:00,121.0849161012,123.3640739562,120.9849548437,122.6243438721,218374000,0.0,0.0,-0.013113505327808639,1.523583378874528
2024-07-03 04:00:00+00:00,121.6147228184,128.2322540283,121.3148314253,128.2322540283,215749000,0.0,0.0,0.045732437614909305,1.6389929983149294
2024-07-05 04:00:00+00:00,127.332583456,128.8020451347,125.6332192862,125.783164978,214176700,0.0,0.0,-0.019098853629754386,1.5885912573101657
2024-07-08 04:00:00+00:00,127.4425327077,130.7213179539,126.9927032956,128.1522674561,237677300,0.0,0.0,0.018834813693186625,1.6373468913694142
2024-07-09 04:00:00+00:00,130.3015002268,133.7702101897,128.6021206287,131.3311157227,285366600,0.0,0.0,0.024805244024955986,1.7027669245882917
2024-07-10 04:00:00+00:00,133.9801248223,135.0497339856,132.3707233099,134.8598022461,248978600,0.0,0.0,0.0268686251843826,1.775386556045801
2024-07-11 04:00:00+00:00,135.6994836774,136.0993287252,127.0027242382,127.3525924683,374782700,0.0,0.0,-0.055666771363793055,1.6208897471842545
2024-07-12 04:00:00+00:00,128.2122786506,131.8709207018,127.1726722674,129.1919250488,252680500,0.0,0.0,0.014442835790388964,1.6587428274275506
2024-07-15 04:00:00+00:00,130.511418214,131.3411112143,127.132678605,128.3922119141,208326200,0.0,0.0,-0.006190117024712838,1.642284898187158
2024-07-16 04:00:00+00:00,128.3921929812,128.9919604902,124.533629186,126.3129653931,214769500,0.0,0.0,-0.016194491005350864,1.5994944391698915
2024-07-17 04:00:00+00:00,121.3048331178,121.8046470224,116.6765591069,117.9460830688,390086200,0.0,0.0,-0.06623929933290174,1.4273057488995038
2024-07-18 04:00:00+00:00,121.8046487858,122.3544471394,116.5166166835,121.0449295044,320979500,0.0,0.0,0.02627341540280237,1.4910793611499509
2024-07-19 04:00:00+00:00,120.3052136637,121.5547485119,117.3263268563,117.8861160278,217223800,0.0,0.0,-0.026096206503926078,1.4260716397237134
2024-07-22 04:00:00+00:00,120.3052108845,124.0238277273,119.8153953708,123.4940261841,258068900,0.0,0.0,0.047570573577786934,1.5414812591661726
2024-07-23 04:00:00+00:00,122.7342966464,124.643589352,122.0545494563,122.5443649292,173911000,0.0,0.0,-0.007689936786774432,1.5219374289384127
2024-07-24 04:00:00+00:00,119.1256405974,119.9053490448,113.3977776944,114.2074737549,327776900,0.0,0.0,-0.06803161597121699,1.350365950269436
2024-07-25 04:00:00+00:00,112.9979241978,116.5865842365,106.2604351538,112.2382049561,460067000,0.0,0.0,-0.01724290656342009,1.3098388097990963
2024-07-26 04:00:00+00:00,116.1467536356,116.1567444222,111.538468982,113.0179138184,293399100,0.0,0.0,0.006946911371265907,1.325885055292681
2024-07-29 04:00:00+00:00,113.6476863835,116.2367187102,111.2585765651,111.5484619141,248152100,0.0,0.0,-0.01300193796411031,1.2956440420921145
2024-07-30 04:00:00+00:00,111.4784927394,111.9483190418,102.5018390571,103.6913986206,486833300,0.0,0.0,-0.07043632120674581,1.133947320966962
2024-07-31 04:00:00+00:00,112.8579788229,118.2959488052,110.8387264197,116.9764404297,473174200,0.0,0.0,0.12812096264328643,1.407350705959311
2024-08-01 04:00:00+00:00,117.4862607613,120.1152869051,106.7702489187,109.1693572998,523462300,0.0,0.0,-0.06674064539168356,1.2466825661594618
2024-08-02 04:00:00+00:00,103.7213765133,108.6795291921,101.332266823,107.2300643921,482027500,0.0,0.0,-0.017764077353449315,1.2067723232655592
2024-08-05 04:00:00+00:00,92.0257359945,103.3715180162,90.6562507424,100.412612915,552842400,0.0,0.0,-0.06357779896663263,1.0664705961318526
2024-08-06 04:00:00+00:00,103.8013458456,107.6699081307,100.5125771344,104.2111968994,409012100,0.0,0.0,0.037829749412213065,1.144644660951227
2024-08-07 04:00:00+00:00,107.7698733749,108.7595104128,98.6532724917,98.8731918335,411440400,0.0,0.0,-0.051222951321181154,1.0347896318820915
2024-08-08 04:00:00+00:00,101.9620353134,105.4607326036,97.4836994263,104.9309310913,391910000,0.0,0.0,0.061267762731894715,1.159456640257563
2024-08-09 04:00:00+00:00,105.6006819406,106.5603237294,103.391505381,104.7110137939,290844200,0.0,0.0,-0.0020958290859789397,1.1549307882210007
2024-08-12 04:00:00+00:00,106.2804388519,111.0286714139,106.2204636179,108.9794311523,325559900,0.0,0.0,0.040763786002506075,1.2427739257222532
2024-08-13 04:00:00+00:00,112.3981514577,116.1867417074,111.5384709458,116.0967712402,312646700,0.0,0.0,0.06530902219477941,1.3892472978151202
2024-08-14 04:00:00+00:00,118.4858859934,118.5558596368,114.0275467671,118.0360565186,339246400,0.0,0.0,0.01670404144476767,1.4291573836996232
2024-08-15 04:00:00+00:00,118.7158050097,123.1941334845,117.4262841744,122.8142776489,318086700,0.0,0.0,0.04048102987536728,1.5274921763211369
2024-08-16 04:00:00+00:00,121.8946136482,124.9534722073,121.1348944017,124.5336303711,302589900,0.0,0.0,0.013999615965785805,1.562876096146161
2024-08-19 04:00:00+00:00,124.2337421269,129.9516143799,123.3740616063,129.9516143799,318333600,0.0,0.0,0.04350619180260673,1.674377075151412
2024-08-20 04:00:00+00:00,128.35220258,129.8316626966,125.8431423095,127.2026367188,300087400,0.0,0.0,-0.02115385541162773,1.617803689187487
2024-08-21 04:00:00+00:00,127.2726177849,129.3018687303,126.6128673685,128.4521789551,257883600,0.0,0.0,0.009823241628727386,1.6435190073629498
2024-08-22 04:00:00+00:00,129.9716240991,130.7013481968,123.0541932206,123.6939544678,376189100,0.0,0.0,-0.037042769737391734,1.5455957414767858
2024-08-23 04:00:00+00:00,125.8131504338,129.5517637459,125.1733892778,129.3218383789,323230300,0.0,0.0,0.04549845572739808,1.6614164166202205
2024-08-26 04:00:00+00:00,129.5217841101,131.2111423153,124.3237148641,126.4129333496,331964700,0.0,0.0,-0.022493532923474224,1.6015517588298986
2024-08-27 04:00:00+00:00,125.0034677352,129.1519172792,123.8338973354,128.2522583008,303134600,0.0,0.0,0.014550132668097238,1.6394046820637955
2024-08-28 04:00:00+00:00,128.0723157317,128.2822442923,122.5943593644,125.5632553101,448101100,0.0,0.0,-0.02096651572710151,1.5840655622871198
2024-08-29 04:00:00+00:00,121.3148353613,124.3836925273,116.6665643766,117.5462341309,453023300,0.0,0.0,-0.06384846553556289,1.4190769412917956
2024-08-30 04:00:00+00:00,119.4855132692,121.7046882715,117.176375423,119.3255767822,333751600,0.0,0.0,0.01513738542502785,1.4556954413249268
2024-09-03 04:00:00+00:00,115.9668214091,116.1667439153,107.2500659084,107.9598007202,477155100,0.0,0.0,-0.09525012464633198,1.2217901444452983
2024-09-04 04:00:00+00:00,105.3707659293,113.2278331129,104.0812452026,106.170463562,372470300,0.0,0.0,-0.016574105789963767,1.1849659595481632
2024-09-05 04:00:00+00:00,104.950922377,109.6091916652,104.7210122499,107.1700973511,306850700,0.0,0.0,0.009415366153282756,1.205538214089768
2024-09-06 04:00:00+00:00,107.9997929279,108.1097526006,100.9124275648,102.7917327881,413638100,0.0,0.0,-0.04085434903223073,1.1154323860874218
2024-09-09 04:00:00+00:00,104.8409619619,106.5103462007,103.6514100541,106.4303741455,273912000,0.0,0.0,0.03539819067843575,1.1903148650574829
2024-09-10 04:00:00+00:00,107.7698680772,109.3592802066,104.910932028,108.0597610474,268283700,0.0,0.0,0.01530941627314486,1.2238473070959048
2024-09-11 04:00:00+00:00,109.3492805366,117.1463801495,107.3800126205,116.8664855957,441422400,0.0,0.0,0.0814986491080334,1.405087858446759
2024-09-12 04:00:00+00:00,116.8065064192,120.7553788047,115.3469258152,119.1058502197,366052700,0.01,0.0,0.019161734971196998,1.4511735145727593
2024-09-13 04:00:00+00:00,119.0458660228,119.9256110138,117.5662869278,119.0658569336,238358300,0.0,0.0,-0.00033577935950446225,1.450350461100002
2024-09-16 04:00:00+00:00,116.756520265,118.146121178,114.3272165776,116.7465209961,248772300,0.0,0.0,-0.019479437659390753,1.4026190120493451
2024-09-17 04:00:00+00:00,118.1361241378,118.7659484266,114.7970852269,115.5568618774,231925900,0.0,0.0,-0.010190103384234872,1.378136075923634
2024-09-18 04:00:00+00:00,115.8567679305,117.6662464722,113.1875353835,113.3374938965,310318900,0.0,0.0,-0.01920585194892732,1.3324619465350418
2024-09-19 04:00:00+00:00,117.3163569589,119.6256999221,117.216387152,117.8362121582,293506400,0.0,0.0,0.03969311572927703,1.425044628512992
2024-09-20 04:00:00+00:00,117.0264448318,118.5860028779,115.3569253318,115.9667510986,382462400,0.0,0.0,-0.015864911349069644,1.3865715104640959
2024-09-23 04:00:00+00:00,116.5165947295,116.9564634198,114.8270767166,116.2266769409,206228500,0.0,0.0,0.00224138246383232,1.391920729996332
2024-09-24 04:00:00+00:00,116.4865984088,121.7650914043,115.3469257782,120.835357666,354966800,0.0,0.0,0.03965252080160098,1.486766416498292
2024-09-25 04:00:00+00:00,121.9850157799,124.9041844669,121.5751372854,123.4745941162,284692900,0.0,0.0,0.021841590914929876,1.541081351268434
2024-09-26 04:00:00+00:00,126.7636511882,127.6333968894,121.7650846213,124.0044403076,302582900,0.0,0.0,0.004291135315669825,1.551985475194852
2024-09-27 04:00:00+00:00,123.9344668966,123.9944472577,119.2258178697,121.3652038574,271009200,0.0,0.0,-0.02128340278503915,1.4976705404247106
2024-09-30 04:00:00+00:00,118.2760819027,121.4651698734,118.1161317357,121.4051895142,226553700,0.0,0.0,0.0003294655760393006,1.4984934368880678
2024-10-01 04:00:00+00:00,121.7350904738,122.4049042106,115.7568089514,116.9664611816,302094500,0.0,0.0,-0.036561273454301824,1.4071453351182246
2024-10-02 04:00:00+00:00,116.4066204825,119.3457724331,115.1069901261,118.8159255981,221845900,0.0,0.0,0.01581192076614646,1.4452069264297132
2024-10-03 04:00:00+00:00,120.885334155,124.3243504544,120.3054985925,122.814781189,277118000,0.0,0.0,0.03365588889511595,1.5275025390711994
2024-10-04 04:00:00+00:00,124.9041843286,125.0041541349,121.795075301,124.884185791,243678100,0.0,0.0,0.0168498008298803,1.5700904534515656
2024-10-07 04:00:00+00:00,124.9541670089,130.6025488501,124.9141775604,127.6833877563,346250200,0.0,0.0,0.02241438295465703,1.6276974451033372
2024-10-08 04:00:00+00:00,130.2226473653,133.441725372,129.3828918647,132.8518981934,285722500,0.0,0.0,0.040479114220909995,1.7340643101216684
2024-10-09 04:00:00+00:00,134.0715571885,134.4814433206,131.3423440303,132.6119689941,246191600,0.0,0.0,-0.0018059899976039517,1.7291266173247828
2024-10-10 04:00:00+00:00,131.8721995187,134.9613102932,130.9624566549,134.7713623047,242311300,0.0,0.0,0.016283547608708426,1.773566480528184
2024-10-11 04:00:00+00:00,133.9715856786,135.7410826472,133.6216951453,134.7613677979,170209500,0.0,0.0,-7.415898028406698e-05,1.773360795666238
2024-10-14 04:00:00+00:00,136.4308936865,139.5600016193,136.2609442331,138.0304412842,232347700,0.0,0.0,0.024258239135733772,1.8406376450571784
2024-10-15 04:00:00+00:00,137.830478261,138.5302898277,128.7031055116,131.562286377,377831000,0.0,0.0,-0.04686035085465168,1.7075243683588677
2024-10-16 04:00:00+00:00,133.941584662,136.5808271835,131.5422788259,135.6810913086,264879700,0.0,0.0,0.03130688166818052,1.7922885133727942
2024-10-17 04:00:00+00:00,139.3000599995,140.8496188038,136.8307667077,136.8907470703,306435900,0.0,0.0,0.008915433610042989,1.817182976233855
2024-10-18 04:00:00+00:00,138.6302400334,138.8601698188,137.2406391711,137.96043396,176090200,0.0,0.0,0.007814165037397736,1.8391969089506937
2024-10-21 04:00:00+00:00,138.0904058252,143.6688079834,137.9604382121,143.6688079834,264554500,0.0,0.0,0.04137689234186581,1.9566740537897047
2024-10-22 04:00:00+00:00,142.8690607807,144.378622683,141.7393796377,143.5488586426,226311600,0.0,0.0,-0.0008349017610965737,1.954205521415207
2024-10-23 04:00:00+00:00,141.9892821435,142.3891613713,137.4206001866,139.5199890137,285930000,0.0,0.0,-0.028066190612708763,1.8712922261420513
2024-10-24 04:00:00+00:00,140.779637099,141.3094839384,138.4203130527,140.3697509766,172354900,0.0,0.0,0.0060906108788221225,1.8887801498108696
2024-10-25 04:00:00+00:00,140.8895944153,144.0886893234,140.7596420534,141.499420166,205122100,0.0,0.0,0.008047810739425731,1.9120285057243573
2024-10-28 04:00:00+00:00,142.9590213787,143.0989806496,140.0098697928,140.4797363281,173586700,0.0,0.0,-0.007206275733877665,1.891043625367196
2024-10-29 04:00:00+00:00,140.249771697,142.219208112,138.8601708246,141.2095031738,157593600,0.0,0.0,0.005194819301166609,1.9060620745927683
2024-10-30 04:00:00+00:00,139.4999884391,140.2897704957,136.7707753765,139.3000488281,179418100,0.0,0.0,-0.013522137694584546,1.8667659030711148
2024-10-31 04:00:00+00:00,137.5605791178,137.5705707609,132.0721466941,132.7219543457,270039600,0.0,0.0,-0.04722248511569105,1.7313900928831685
2024-11-01 04:00:00+00:00,134.6613944537,137.2706470868,134.5314420822,135.3611907959,207127800,0.0,0.0,0.01988545499658323,1.78570502765331
2024-11-04 05:00:00+00:00,137.1706727107,138.920171038,135.5311434598,136.0110015869,187528200,0.0,0.0,0.0048005694038240065,1.799077997977141
2024-11-05 05:00:00+00:00,137.4105869313,140.3297478708,137.2906262194,139.8698883057,160537400,0.0,0.0,0.028371871935186643,1.8784930804723472
2024-11-06 05:00:00+00:00,142.9190184504,146.4480051389,141.9193051618,145.5682525635,242043900,0.0,0.0,0.040740464776418905,1.9957642264264965
2024-11-07 05:00:00+00:00,146.3480343565,148.887299513,146.1280962027,148.8373260498,207323300,0.0,0.0,0.02245732451087812,2.063041075817436
2024-11-08 05:00:00+00:00,148.7273495356,149.7270628196,146.2180594298,147.587677002,175665800,0.0,0.0,-0.008396072954051093,2.037323559483618
2024-11-11 05:00:00+00:00,148.6373710401,148.8073357306,143.5288505523,145.2183532715,182325600,0.0,0.0,-0.016053669104554524,1.9885633720962002
2024-11-12 05:00:00+00:00,146.7379055667,149.6070776337,145.9681221142,148.247467041,198634700,0.0,0.0,0.020859028499219834,2.0509019006464793
2024-11-13 05:00:00+00:00,149.0272734963,149.2871934707,145.8581688148,146.2280731201,191903300,0.0,0.0,-0.013621776892427495,2.0093431956351897
2024-11-14 05:00:00+00:00,147.5976633061,148.9572739334,145.5082662791,146.7179107666,194463300,0.0,0.0,0.0033498194706955697,2.019423952065934
2024-11-15 05:00:00+00:00,144.8284560078,145.1983602893,140.0398361741,141.9392852783,250132900,0.0,0.0,-0.03257015768103377,1.9210808378412563
2024-11-18 05:00:00+00:00,139.4599947522,141.5094099124,137.110662574,140.1098022461,221205300,0.0,0.0,-0.012889194338360443,1.8834304592442597
2024-11-19 05:00:00+00:00,141.2794937524,147.0878257029,140.9495865262,146.9678497314,227834900,0.0,0.0,0.04894766372772397,2.0245676437456246
2024-11-20 05:00:00+00:00,147.3677435603,147.5176944559,142.6890773095,145.8481750488,309871700,0.0,0.0,-0.007618500812567874,2.001524972694082
2024-11-21 05:00:00+00:00,149.3072000066,152.8461786741,140.6596700821,146.6279602051,400946600,0.0,0.0,0.005346554086392397,2.0175727883022483
2024-11-22 05:00:00+00:00,145.8881564731,147.1178148315,141.0595545942,141.9093017578,236406200,0.0,0.0,-0.03218116408834748,1.9204637832533615
2024-11-25 05:00:00+00:00,141.9492922302,142.0092725855,135.7810632052,135.9810028076,344941900,0.0,0.0,-0.0417752668554312,1.79846062936633
2024-11-26 05:00:00+00:00,137.6605277704,139.2600752616,135.631110853,136.8807525635,190287700,0.0,0.0,0.0066167312883629315,1.8169772913719102
2024-11-27 05:00:00+00:00,134.9712860205,137.1806591071,131.7622148966,135.3011932373,226370900,0.0,0.0,-0.011539674472985095,1.784470290431687
2024-11-29 05:00:00+00:00,136.7407930556,139.3100637298,136.0110065693,138.2103729248,141863200,0.0,0.0,0.021501507990381752,1.8443406006303844
2024-12-02 05:00:00+00:00,138.7901953408,140.4097259595,137.7804904279,138.5902557373,171682800,0.0,0.0,0.0027485839482301877,1.8521585095485764
2024-12-03 05:00:00+00:00,138.2203759586,140.4997214018,137.9104672301,140.2198028564,164414000,0.0,0.0,0.011758020868284147,1.8856942488235027
2024-12-04 05:00:00+00:00,141.9592895001,145.7481962192,140.2497730344,145.0983886719,231224300,0.0,0.0,0.03479241673514677,1.9860945256987863
2024-12-05 05:00:00+00:00,145.0784040292,146.5080853351,143.9186529489,145.0284118652,172621200,0.01,0.0,-0.00048227142520673727,1.9846544176360754
2024-12-06 05:00:00+00:00,144.5685300618,145.6682814643,141.2792376749,142.408996582,188505600,0.0,0.0,-0.018061393967650274,1.9307473983418624
2024-12-09 05:00:00+00:00,138.9397234403,139.9195056535,137.1001279876,138.7797546387,189308600,0.0,0.0,-0.025484639527041608,1.8560583573503049
2024-12-10 05:00:00+00:00,138.979717412,141.789118194,133.7608531345,135.0405883789,210020900,0.0,0.0,-0.026943168112197546,1.7791070968899687
2024-12-11 05:00:00+00:00,137.3300757004,140.1394610799,135.1805501963,139.2796478271,184905200,0.0,0.0,0.0313910025058981,1.8663460547326007
2024-12-12 05:00:00+00:00,137.050151221,138.409855677,135.7704311749,137.3100891113,159211400,0.0,0.0,-0.01414103744895312,1.825812947830968
2024-12-13 05:00:00+00:00,138.9097452521,139.5696051842,132.5111298372,134.2207641602,231514900,0.0,0.0,-0.022498892623948885,1.7622352857423547
2024-12-16 05:00:00+00:00,134.1507548377,134.3707081201,130.3915796342,131.9712371826,237951100,0.0,0.0,-0.01675990292318008,1.71594049050233
2024-12-17 05:00:00+00:00,129.0618828488,131.5613383936,126.8323727744,130.3616027832,259410300,0.0,0.0,-0.012196857692353458,1.6828145508387724
2024-12-18 05:00:00+00:00,133.8308463455,136.6702241416,128.2520598204,128.8819274902,277444500,0.0,0.0,-0.01135054541681868,1.652363142434575
2024-12-19 05:00:00+00:00,131.7312862928,134.0007959708,129.5217763565,130.6515197754,209719200,0.0,0.0,0.013730336903399865,1.6887809819703623
2024-12-20 05:00:00+00:00,129.7817201303,135.250529782,128.1920701526,134.6706542969,306528600,0.0,0.0,0.030762248525001423,1.7714939307670319
2024-12-23 05:00:00+00:00,136.250311239,139.7595411207,135.0905602747,139.6395721436,176053500,0.0,0.0,0.036896812246455024,1.8737532219727329
2024-12-24 05:00:00+00:00,139.9695150682,141.869095242,138.6198029279,140.1894683838,105157000,0.0,0.0,0.003937968526819269,1.885069971714707
2024-12-26 05:00:00+00:00,139.6695752314,140.8193339554,137.7000030073,139.899520874,116205600,0.0,0.0,-0.0020682545781985917,1.879102912537285
2024-12-27 05:00:00+00:00,138.5198213856,138.9897202215,134.6806615507,136.9801483154,170582600,0.0,0.0,-0.02086763800448843,1.8190228351807884
2024-12-30 05:00:00+00:00,134.8006283255,140.2394456305,133.9908072296,137.4600524902,167734700,0.0,0.0,0.0035034578418986495,1.828899162839194
2024-12-31 05:00:00+00:00,137.999948715,138.0399485498,133.8008661345,134.2607574463,155659200,0.0,0.0,-0.023274362157893802,1.763058339215112
2025-01-02 05:00:00+00:00,135.9703822166,138.8497598983,134.600685454,138.279876709,198247200,0.0,0.0,0.02993517494721054,1.8457709739888655
2025-01-03 05:00:00+00:00,139.9795022133,144.8684366268,139.6995644139,144.4385375977,229322500,0.0,0.0,0.04453765099646745,1.9725149284442587
2025-01-06 05:00:00+00:00,148.5576322985,152.1268620477,147.7878109943,149.3974456787,265377400,0.0,0.0,0.03433230606925619,2.07456822076304
2025-01-07 05:00:00+00:00,152.996657549,153.0966418638,139.9794899946,140.1094665527,351782200,0.0,0.0,-0.06216959790581078,1.8834235507442179
2025-01-08 05:00:00+00:00,142.5489462581,143.9186429745,137.5300354006,140.0794830322,227349900,0.0,0.0,-0.00021400067559851355,1.8828064961563218
2025-01-10 05:00:00+00:00,137.420074909,139.8895384252,134.1907823321,135.8804168701,207602500,0.0,0.0,-0.0299763110999971,1.796390591786447
2025-01-13 05:00:00+00:00,129.9617039488,133.4609419256,129.4817974709,133.2009887695,204808900,0.0,0.0,-0.019719015898821635,1.741248521247695
2025-01-14 05:00:00+00:00,136.0203667606,136.3502967061,130.0216737635,131.7312927246,195590500,0.0,0.0,-0.01103367218574669,1.711002483684585
2025-01-15 05:00:00+00:00,133.6208947252,136.4202881416,131.26140795,136.2103424072,185217300,0.0,0.0,0.03400140991528855,1.80318039041371
2025-01-16 05:00:00+00:00,138.6097963703,138.7197730168,133.460924411,133.5409088135,209235600,0.0,0.0,-0.019597877419026855,1.7482440047389622
2025-01-17 05:00:00+00:00,136.6602258601,138.4698291284,135.4304980751,137.6800079346,201188800,0.0,0.0,0.030994989908901704,1.833425799933046
2025-01-21 05:00:00+00:00,139.1296971908,141.7991138836,137.0601406758,140.799331665,197749000,0.0,0.0,0.022656330263154167,1.8976208306324711
2025-01-22 05:00:00+00:00,144.6285153116,147.7578236263,143.6387253144,147.0379943848,237651400,0.0,0.0,0.0443088944104042,2.026011206058353
2025-01-23 05:00:00+00:00,145.018416876,147.1979348353,143.688704667,147.1879425049,155915500,0.0,0.0,0.0010197916581180522,2.029097107043663
2025-01-24 05:00:00+00:00,148.3376757009,148.9375511052,141.8490991803,142.5889282227,234657600,0.0,0.0,-0.031245862969019433,1.9344503539171236
2025-01-27 05:00:00+00:00,124.7728263768,128.372033281,116.6745841453,118.3942108154,818830900,0.0,0.0,-0.1696815994683114,1.4365281243041137
2025-01-28 05:00:00+00:00,121.7834697893,128.9719063927,116.2246830865,128.9619140625,579666400,0.0,0.0,0.08925861471028451,1.6540092493821468
2025-01-29 05:00:00+00:00,126.4724508231,126.8623652787,120.0238585555,123.6730575562,467120600,0.0,0.0,-0.04101099572496114,1.5451656874017283
2025-01-30 05:00:00+00:00,123.0731831024,124.9727707433,118.0742722727,124.6228485107,392925500,0.0,0.0,0.007679853423761207,1.56471218682016
2025-01-31 05:00:00+00:00,123.7530449705,127.8221583994,119.1640481308,120.0438537598,388161100,0.0,0.0,-0.03674281887808761,1.4704774314654028
2025-02-03 05:00:00+00:00,114.7250100714,118.5441778575,112.9853911394,116.6345977783,371235700,0.0,0.0,-0.028400087757276538,1.4003156556094143
2025-02-04 05:00:00+00:00,116.9345263905,121.173600826,116.6745808801,118.6241607666,256550000,0.0,0.0,0.017058085904165132,1.4412604462599123
2025-02-05 05:00:00+00:00,121.7334871402,124.9727794477,120.7337049046,124.8028182983,262230800,0.0,0.0,0.052085995734518775,1.5684159274506557
2025-02-06 05:00:00+00:00,127.3922422384,128.7419542697,125.1827245586,128.6519622803,251483600,0.0,0.0,0.03084180337017628,1.6476305064579178
2025-02-07 05:00:00+00:00,129.1918465115,130.3415898451,124.972764753,129.811706543,228186300,0.0,0.0,0.009014586658019352,1.6714978010967982
2025-02-10 05:00:00+00:00,130.061655955,134.9705899623,129.9316946495,133.5409088135,216989100,0.0,0.0,0.028727780951440574,1.7482440047389622
2025-02-11 05:00:00+00:00,132.5511343281,134.4507145266,130.9914764379,132.7710876465,178902400,0.0,0.0,-0.005764684199319858,1.7324012459489682
2025-02-12 05:00:00+00:00,129.9916837727,132.2112014406,129.0518860793,131.1114349365,160278600,0.0,0.0,-0.01250010630641818,1.6982459399028165
2025-02-13 05:00:00+00:00,131.5313451903,136.4702717517,131.1414307384,135.2605285645,197430000,0.0,0.0,0.031645551206189504,1.7836334199609039
2025-02-14 05:00:00+00:00,136.4502690196,139.2196699574,135.4704867449,138.8197631836,195479600,0.0,0.0,0.02631391919633641,1.8568817248459766
2025-02-18 05:00:00+00:00,141.2392474082,143.4087731319,137.8999629884,139.369644165,219176600,0.0,0.0,0.003961114532897936,1.8681981605650346
2025-02-19 05:00:00+00:00,139.4796143194,141.3292175591,137.1901197103,139.1996765137,167536000,0.0,0.0,-0.00121954570751992,1.8647002618100008
2025-02-20 05:00:00+00:00,139.9994986265,140.629366287,136.760198844,140.0794830322,143903600,0.0,0.0,0.006320463815254529,1.882806496156321
2025-02-21 05:00:00+00:00,140.0094896965,141.4291938161,134.00080429,134.4007110596,228217600,0.0,0.0,-0.04053964113570152,1.7659385553384745
2025-02-24 05:00:00+00:00,136.5302641148,138.5598208989,130.0516792879,130.2516326904,251381100,0.0,0.0,-0.030870955491895558,1.6805513893033024
2025-02-25 05:00:00+00:00,129.9516858301,130.1716391341,124.4128991653,126.6024169922,271428700,0.0,0.0,-0.028016659928355336,1.6054512926087114
2025-02-26 05:00:00+00:00,129.9617066133,133.7008826502,128.462033164,131.2514190674,322553800,0.0,0.0,0.036721274250920644,1.7011267840720117
2025-02-27 05:00:00+00:00,134.9705968282,134.9805891582,119.983863805,120.1238327026,443175800,0.0,0.0,-0.08478069375452457,1.4721233813994585
2025-02-28 05:00:00+00:00,117.9942929787,125.062752893,116.3746506815,124.892791748,389091100,0.0,0.0,0.03970035702412922,1.5702675622487146
2025-03-03 05:00:00+00:00,123.4831026961,123.6730561288,112.2555451395,114.03515625,411381400,0.0,0.0,-0.08693564573292412,1.3468196920182338
2025-03-04 05:00:00+00:00,110.6259035737,119.2840135859,110.0860202625,115.9647369385,398163300,0.0,0.0,0.01692092817648061,1.3865300594700245
2025-03-05 05:00:00+00:00,117.5543899981,118.2542344697,114.4850590252,117.2744522095,284337900,0.0,0.0,0.011294082197544242,1.413483726128589
2025-03-06 05:00:00+00:00,113.5052758235,115.3248791845,110.1959990693,110.5459213257,321181900,0.0,0.0,-0.05737422564788541,1.2750119662281882
2025-03-07 05:00:00+00:00,111.2257698688,113.4552875334,107.536571106,112.6654586792,341755500,0.0,0.0,0.0191733654944648,1.3186316021609623
2025-03-10 04:00:00+00:00,109.8760575438,111.8256296449,105.4370224485,106.9566955566,366487400,0.0,0.0,-0.050670038444124654,1.201146449741704
2025-03-11 04:00:00+00:00,106.9666941225,112.2155506078,104.7471764455,108.7363128662,354865700,0.0,0.0,0.016638671383207182,1.2377706021852695
2025-03-12 04:00:00+00:00,114.1056496123,116.7453169632,112.8658000775,115.725440979,323857500,0.01,0.0,0.06427593440105084,1.38160539861593
2025-03-13 04:00:00+00:00,117.0152747229,117.7451862349,113.7756844974,115.5654602051,299033100,0.0,0.0,-0.0013824166280691497,1.3783130277113842
2025-03-14 04:00:00+00:00,118.5950809544,121.8646662727,118.135139732,121.6546936035,277593500,0.0,0.0,0.052690772723901436,1.5036281789208186
2025-03-17 04:00:00+00:00,122.7245564915,122.8745391463,118.015149951,119.5149612427,255501500,0.0,0.0,-0.017588572190842644,1.4595929339568419
2025-03-18 04:00:00+00:00,117.9851502094,119.0050184903,114.5255865509,115.415473938,299686900,0.0,0.0,-0.034301038648836046,1.375226341668784
2025-03-19 04:00:00+00:00,117.2552423302,120.4348425439,115.6654460375,117.5052108765,273426200,0.0,0.0,0.01810621112748345,1.4182326912865992
2025-03-20 04:00:00+00:00,116.5353367423,120.1848713343,116.4553449784,118.515083313,248829700,0.0,0.0,0.008594277895993985,1.4390156550526938
2025-03-21 04:00:00+00:00,116.9252894068,117.975152722,115.4054763767,117.6851882935,266498500,0.0,0.0,-0.007002442189642966,1.4219365889285531
2025-03-24 04:00:00+00:00,119.8649156888,122.2046252707,119.3249827084,121.3947296143,228452500,0.0,0.0,0.03152088529228192,1.4982781743333504
2025-03-25 04:00:00+00:00,120.5348381682,121.2747429421,118.9050383359,120.6748199463,167447200,0.0,0.0,-0.005930320618426577,1.4834625837655362
2025-03-26 04:00:00+00:00,118.7150653108,118.825044453,112.6958184467,113.7456893921,293463300,0.0,0.0,-0.0574198540945281,1.3408625245564991
2025-03-27 04:00:00+00:00,111.3359933387,114.435601908,110.6460853113,111.4159851074,236902100,0.0,0.0,-0.02048169295162583,1.292917697086565
2025-03-28 04:00:00+00:00,111.4759750047,112.8558063148,109.0562812154,109.6562042236,229872500,0.0,0.0,-0.01579468944338336,1.256701774141845
2025-03-31 04:00:00+00:00,105.1167723611,110.9460408035,103.6369628106,108.3663635254,299212700,0.0,0.0,-0.011762587510049882,1.2301571220394165
2025-04-01 04:00:00+00:00,108.5063391728,110.1861280463,106.4566017466,110.136138916,222614000,0.0,0.0,0.016331408871030018,1.2665787298460818
2025-04-02 04:00:00+00:00,107.2765016067,111.9659139485,106.7765645171,110.4061050415,220601200,0.0,0.0,0.0024512038297066496,1.272134576309012
2025-04-03 04:00:00+00:00,103.4969772093,105.6167055621,101.5872138878,101.7871932983,338769400,0.0,0.0,-0.07806553577775688,1.0947591732502824
2025-04-04 04:00:00+00:00,98.8975612967,100.1174014191,92.0984136501,94.2981338501,532273800,0.0,0.0,-0.0735756553012753,0.9406358943800353
2025-04-07 04:00:00+00:00,87.4489895916,101.7371916772,86.6090989927,97.6277084351,611041300,0.0,0.0,0.03530901884328719,1.0091578437426594
2025-04-08 04:00:00+00:00,103.7969372496,105.8366815131,94.4481150964,96.2878875732,476243400,0.0,0.0,-0.013723776613999705,0.9815846103128698
2025-04-09 04:00:00+00:00,98.8775535579,115.0855125279,97.5177241108,114.315612793,612918300,0.0,0.0,0.18722734161235977,1.3525914290817123
2025-04-10 04:00:00+00:00,109.3562417228,110.8460521138,99.1375263911,107.5564651489,437812400,0.0,0.0,-0.059127073537534214,1.2134895826506251
2025-04-11 04:00:00+00:00,108.486344051,111.5359632254,107.466475786,110.9160385132,313417300,0.0,0.0,0.031235438610305977,1.2826289006240605
2025-04-14 04:00:00+00:00,114.0956414942,114.2756191489,109.0562747909,110.6960678101,264705000,0.0,0.0,-0.00198321817158853,1.2781019495093497
2025-04-15 04:00:00+00:00,110.9560415701,113.6057097348,110.486099474,112.1858825684,228966900,0.0,0.0,0.013458605962912706,1.3087620259911392
2025-04-16 04:00:00+00:00,104.536850056,106.776566115,100.437359757,104.476852417,397016900,0.0,0.0,-0.068716579795143,1.150111796004123
2025-04-17 04:00:00+00:00,104.4368528524,104.4568546075,100.0374126558,101.4772262573,292517500,0.0,0.0,-0.02871091624896538,1.088380116303136
2025-04-21 04:00:00+00:00,98.757570874,99.4274923822,95.0280443989,96.8978118896,288501100,0.0,0.0,-0.04512750827548917,0.994136725322299
2025-04-22 04:00:00+00:00,98.7675690784,99.7974382508,97.2677578267,98.8775558472,241004800,0.0,0.0,0.02043125555668479,1.0348794423723295
2025-04-23 04:00:00+00:00,104.5068446933,104.7868158683,102.007159273,102.6970748901,247526000,0.0,0.0,0.03862877687634669,1.1134843463219952
2025-04-24 04:00:00+00:00,103.4669774804,106.5265898521,103.0970213091,106.4166030884,220815000,0.0,0.0,0.03621844343941061,1.190031459579338
2025-04-25 04:00:00+00:00,106.8365598882,111.9059219262,105.7167056334,110.9960403442,251064700,0.0,0.0,0.043033108771531436,1.2842753215924914
2025-04-28 04:00:00+00:00,109.6761944612,110.3561091666,106.0066506499,108.7163162231,207708500,0.0,0.0,-0.020538787816489212,1.2373590754478605
2025-04-29 04:00:00+00:00,107.6564503837,110.1861308211,107.4264835959,109.0062789917,170444300,0.0,0.0,0.0026671504211470687,1.2433264486481983
2025-04-30 04:00:00+00:00,104.4568586482,108.9062957764,104.0669083214,108.9062957764,235044600,0.0,0.0,-0.0009172243674845371,1.2412688149652755
2025-05-01 04:00:00+00:00,113.0657711214,114.9255376574,111.2859963485,111.595954895,236121500,0.0,0.0,0.024697003046749932,1.2966214377170586
2025-05-02 04:00:00+00:00,114.1656362648,115.3854840073,113.3557406053,114.4855957031,190194800,0.0,0.0,0.025893777340037394,1.3560896418596609
2025-05-05 04:00:00+00:00,112.8957977806,114.655570852,112.6458292346,113.8056793213,133163200,0.0,0.0,-0.005938881460365142,1.3420971047666623
2025-05-06 04:00:00+00:00,111.465980258,114.7255646893,110.8060596179,113.525718689,158525600,0.0,0.0,-0.0024599882358209424,1.336335573441786
2025-05-07 04:00:00+00:00,113.0357827291,117.6651975849,112.2658753139,117.0452728271,206758800,0.0,0.0,0.031002262559920002,1.4087672623177094
2025-05-08 04:00:00+00:00,118.2351264349,118.6650726544,115.8354267829,117.3552398682,198428100,0.0,0.0,0.002648266210271366,1.4151463192669134
2025-05-09 04:00:00+00:00,117.3352314331,118.2151255782,115.1955013358,116.6353225708,132972200,0.0,0.0,-0.006134513450004708,1.400330571687641
2025-05-12 04:00:00+00:00,121.9546583742,122.9845275879,120.2648685215,122.9845275879,225023300,0.0,0.0,0.05443638236817927,1.53099588449806
2025-05-13 04:00:00+00:00,124.9642837871,131.2034968046,124.4543457972,129.9136505127,330430100,0.0,0.0,0.05634142002007203,1.673595786695639
2025-05-14 04:00:00+00:00,133.1832373996,135.4229610498,131.6634243778,135.3229675293,281180800,0.0,0.0,0.04163778783255112,1.7849184008120744
2025-05-15 04:00:00+00:00,134.2730934704,136.282850285,132.6433089736,134.8130340576,226632600,0.0,0.0,-0.0037682699471514036,1.7744240764970254
2025-05-16 04:00:00+00:00,136.2028692825,136.332857815,133.443221891,135.3829650879,226542500,0.0,0.0,0.004227566231144175,1.7861531380336975
2025-05-19 04:00:00+00:00,132.3733402168,135.8528980423,132.3733402168,135.552947998,193154600,0.0,0.0,0.0012555708909880448,1.7896513508116474
2025-05-20 04:00:00+00:00,134.2730826239,134.5630546491,132.6032947519,134.3630828857,161514200,0.0,0.0,-0.00877786230305777,1.7651641753806837
2025-05-21 04:00:00+00:00,133.0432526915,137.3827028648,130.5735623069,131.783416748,270608700,0.0,0.0,-0.019199218135642737,1.7120751851966851
2025-05-22 04:00:00+00:00,132.2133628269,134.2331130077,131.5334556858,132.813293457,187344000,0.0,0.0,0.007814918860157727,1.7332698327116445
2025-05-23 04:00:00+00:00,129.9836522098,132.6633078705,129.1437615033,131.2734832764,198821300,0.0,0.0,-0.011593795624822212,1.7015808608836935
2025-05-27 04:00:00+00:00,134.1331045348,135.6429241916,133.2932139517,135.4829406738,192953600,0.0,0.0,0.03206631904888879,1.7882106147051617
2025-05-28 04:00:00+00:00,136.0128928481,137.2327406522,134.773043287,134.7930450439,304021100,0.0,0.0,-0.005092121756945289,1.7740127067710758
2025-05-29 04:00:00+00:00,142.2321134031,143.4719629772,137.8926627788,139.1725006104,369241900,0.0,0.0,0.03249021909901706,1.8641409873975254
2025-05-30 04:00:00+00:00,138.7025513364,139.6024320207,132.9032778794,135.1130065918,333170900,0.0,0.0,-0.029168794128117015,1.7805974485822254
2025-06-02 04:00:00+00:00,135.4729551269,138.1026137871,135.3829548575,137.3627166748,197663100,0.0,0.0,0.016650581167191092,1.8268960120931284
2025-06-03 04:00:00+00:00,138.7625294326,141.9821253261,137.9326320805,141.2022247314,225578800,0.0,0.0,0.027951602513001106,1.9059122857687436
2025-06-04 04:00:00+00:00,142.1721156931,142.3720874828,139.5224398949,141.9021453857,167120800,0.0,0.0,0.004956867043925284,1.9203165066106083
2025-06-05 04:00:00+00:00,142.152115316,143.9818869603,138.8125390995,139.9723968506,231397900,0.0,0.0,-0.013599149821553524,1.8806026849108548
2025-06-06 04:00:00+00:00,142.4920575503,143.2519716576,141.4921834148,141.7021636963,153986200,0.0,0.0,0.012357914021764449,1.916200925221847
2025-06-09 04:00:00+00:00,143.171987652,144.9817574941,141.9221449149,142.6120605469,185114500,0.0,0.0,0.006421192357726646,1.9349264123164769
2025-06-10 04:00:00+00:00,142.6720500431,144.2718395866,141.5121923257,143.9418945312,155881900,0.0,0.0,0.009324835355440708,1.9622941178916622
2025-06-11 04:00:00+00:00,144.601843565,144.9818270128,141.8619926279,142.8219451904,167694000,0.01,0.0,-0.007780565515325133,1.939245794431744
2025-06-12 04:00:00+00:00,141.9619934166,144.9918212891,141.8420050677,144.9918212891,162365000,0.0,0.0,0.015192875967396269,1.9839013912242365
2025-06-13 04:00:00+00:00,142.4719560861,143.5719001202,140.8420584366,141.9619903564,180820600,0.0,0.0,-0.020896564411442053,1.9215481036051276
2025-06-16 04:00:00+00:00,143.3419182544,146.1717451579,143.1919175626,144.6818389893,183133700,0.0,0.0,0.019158991967298533,1.9775220202541743
2025-06-17 04:00:00+00:00,144.4818516783,145.2118062109,143.7718850313,144.1118621826,139108000,0.0,0.0,-0.003939518675472153,1.9657920166487535
2025-06-18 04:00:00+00:00,144.0018682284,145.6417750752,143.1119190601,145.471786499,161494100,0.0,0.0,0.00943658832662142,1.993778974972248
2025-06-20 04:00:00+00:00,145.4417889825,146.1917466589,142.6419439392,143.8418884277,242956200,0.0,0.0,-0.011204221179418772,1.9602360131743652
2025-06-23 04:00:00+00:00,142.4919612736,144.7718314333,142.0219865666,144.1618652344,154308900,0.0,0.0,0.002224503656046206,1.9668210690084313
2025-06-24 04:00:00+00:00,145.5517830558,147.9516567695,145.4917888831,147.8916473389,187566100,0.0,0.0,0.025872182622190154,2.0435792055131787
2025-06-25 04:00:00+00:00,149.2615908363,154.4412915476,149.2515816348,154.3013000488,269146500,0.0,0.0,0.04334019415722645,2.175488519213017
2025-06-26 04:00:00+00:00,155.9711982969,156.711162053,153.9913142431,155.0112609863,198145700,0.0,0.0,0.004601133867799367,2.190099366985576
2025-06-27 04:00:00+00:00,156.0311938432,158.7010567029,155.2512390498,157.741104126,263234500,0.0,0.0,0.017610611786077257,2.24627896849657
2025-06-30 04:00:00+00:00,158.391059639,158.6510547393,155.9512100794,157.9810943604,194580300,0.0,0.0,0.0015214185023599835,2.2512179173830624
2025-07-01 04:00:00+00:00,156.2811883642,157.1911407594,151.4814709885,153.2913665771,213143600,0.0,0.0,-0.029685373444757746,2.1547042993552585
2025-07-02 04:00:00+00:00,152.9713711031,157.5911210146,152.9613771597,157.2411346436,171224100,0.0,0.0,0.025766409124635237,2.235989700999692
2025-07-03 04:00:00+00:00,158.3610624025,160.9709157981,157.7611053997,159.3310089111,143716100,0.0,0.0,0.01329088773263365,2.278998876819638
2025-07-07 04:00:00+00:00,158.1910728135,159.3010108082,157.3311207162,158.2310791016,140139000,0.0,0.0,-0.006903425874330238,2.2563625511315015
2025-07-08 04:00:00+00:00,159.3210216493,160.2109708766,158.3810721884,159.9909820557,138133000,0.0,0.0,0.011122359552196315,2.2925809862574935
2025-07-09 04:00:00+00:00,161.2109090474,164.4107255284,161.1509148724,162.8708190918,183656400,0.0,0.0,0.017999995994133045,2.351847430820487
2025-07-10 04:00:00+00:00,164.3107481013,164.4907306347,161.6008940928,164.0907592773,167704100,0.0,0.0,0.007490231781866363,2.3769535449747856
2025-07-11 04:00:00+00:00,163.7107762333,167.8805394391,163.4607903199,164.9107055664,193633300,0.0,0.0,0.004996907154986907,2.3938278683057286
2025-07-14 04:00:00+00:00,165.360675025,165.4806786373,162.0108729825,164.060760498,136975800,0.0,0.0,-0.005153971450675532,2.376336176363974
2025-07-15 04:00:00+00:00,171.1803465069,172.3902697126,169.1904532595,170.6903686523,230627400,0.0,0.0,0.04040946862720918,2.5127721271576653
2025-07-16 04:00:00+00:00,171.0503562173,171.7403197686,168.890474298,171.3603363037,158831500,0.0,0.0,0.003925046601573223,2.5265599214574666
2025-07-17 04:00:00+00:00,172.0103091393,174.1501879175,170.820373767,172.9902496338,160841100,0.0,0.0,0.009511613744801029,2.560103197278266
2025-07-18 04:00:00+00:00,173.6302101983,174.2401764191,171.2503394915,172.4002838135,146456400,0.0,0.0,-0.003410399265559083,2.5479618239489534
2025-07-21 04:00:00+00:00,172.7402639749,173.3702333512,170.9903626032,171.3703460693,123126100,0.0,0.0,-0.005974107010834007,2.5267659203423287
2025-07-22 04:00:00+00:00,171.3303387313,171.3803389647,164.5707252527,167.0205841064,193114300,0.0,0.0,-0.02538223247294502,2.4372487278745396
2025-07-23 04:00:00+00:00,169.5204409563,171.2503391496,167.9605313479,170.7703704834,154082200,0.0,0.0,0.02245104336727266,2.5144185481281536
2025-07-24 04:00:00+00:00,172.4302795981,173.8202006141,171.2903444861,173.7302093506,128984600,0.0,0.0,0.017332274087252797,2.575331413661636
2025-07-25 04:00:00+00:00,173.6002135254,174.7101515606,172.9502562716,173.4902191162,122316800,0.0,0.0,-0.0013813961043223077,2.5703924647751424
2025-07-28 04:00:00+00:00,174.0101941822,176.9900219174,173.9601939493,176.7400360107,140023500,0.0,0.0,0.01873198910610263,2.637273017529821
2025-07-29 04:00:00+00:00,177.9499655206,179.3698835677,175.0101289655,175.5000915527,154077500,0.0,0.0,-0.007015639953388497,2.611755219626657
2025-07-30 04:00:00+00:00,176.5000487066,179.8798631365,176.030073969,179.2599029541,174312200,0.0,0.0,0.021423415612697783,2.689131352788049
2025-07-31 04:00:00+00:00,182.8896853737,183.2896719838,175.9200769929,177.8599700928,221685400,0.0,0.0,-0.00780951477843006,2.660321026968881
2025-08-01 04:00:00+00:00,174.0801793311,176.530038123,170.880362832,173.7102050781,204529000,0.0,0.0,-0.023331641248645507,2.5749197299127693
2025-08-04 04:00:00+00:00,175.1501294113,180.1898385791,174.5101661002,179.9898529053,148174600,0.0,0.0,0.03615013766391395,2.704153570286558
2025-08-05 04:00:00+00:00,179.6098628584,180.249826146,175.8900714807,178.2499389648,156407600,0.0,0.0,-0.00966673349866809,2.668346504884458
2025-08-06 04:00:00+00:00,176.320059483,179.8898502548,176.2400621629,179.4098815918,137192300,0.0,0.0,0.006507394245049758,2.6922178818191913
2025-08-07 04:00:00+00:00,181.5597693443,183.8696366517,178.7899212609,180.7598114014,151878400,0.0,0.0,0.007524277913918853,2.71999915528074
2025-08-08 04:00:00+00:00,181.5397681999,183.2896695439,180.3898238762,182.6896972656,123396700,0.0,0.0,0.010676520678119417,2.7597158031846813
2025-08-11 04:00:00+00:00,182.0397344505,183.8296267713,180.2398329286,182.0497283936,138323200,0.0,0.0,-0.0035030375635775046,2.7465453774977493
2025-08-12 04:00:00+00:00,182.9496877935,184.46959108,179.449885193,183.1496734619,145485700,0.0,0.0,0.006042003347139779,2.7691820172088017
2025-08-13 04:00:00+00:00,182.609698395,183.9596283807,179.3398937541,181.5797576904,179871700,0.0,0.0,-0.008571763966735091,2.7368734786096254
2025-08-14 04:00:00+00:00,179.7398589036,183.0096786896,179.4498819782,182.0097351074,129554000,0.0,0.0,0.002367981004430808,2.745722324022934
2025-08-15 04:00:00+00:00,181.8697466162,181.8897345025,178.0299516011,180.4398193359,156602200,0.0,0.0,-0.008625449460566537,2.7134137854237586
2025-08-18 04:00:00+00:00,180.5898164913,182.9296808045,180.5798072904,181.9997253418,132008000,0.0,0.0,0.008645020880873933,2.745516325138072
2025-08-19 04:00:00+00:00,182.4197068875,182.4897102646,175.480110996,175.6300964355,185229200,0.0,0.0,-0.03499801383951362,2.6144306929547656
2025-08-20 04:00:00+00:00,175.160123439,175.990078481,168.7904874129,175.3901062012,215142700,0.0,0.0,-0.0013664527844071683,2.609491744070331
2025-08-21 04:00:00+00:00,174.8401410011,176.8900131329,173.8001911338,174.970123291,140040900,0.0,0.0,-0.002394564432946056,2.600848583518968
2025-08-22 04:00:00+00:00,172.6002638092,178.5799222097,171.1903396843,177.97996521,172789400,0.0,0.0,0.0172020334808487,2.6627905014121276
2025-08-25 04:00:00+00:00,178.3399565344,181.8997534962,176.5600580535,179.7998657227,163012800,0.0,0.0,0.010225311093597922,2.700243673759742
2025-08-26 04:00:00+00:00,180.0498401163,182.3797105086,178.7999106306,181.7597503662,168688200,0.0,0.0,0.010900367670589217,2.740577690274495
2025-08-27 04:00:00+00:00,181.9697356562,182.4797166673,179.0899084066,181.5897674561,235518900,0.0,0.0,-0.0009352065556732514,2.737079477496545
2025-08-28 04:00:00+00:00,180.8098083074,184.4595963287,176.4000533883,180.1598358154,281787800,0.0,0.0,-0.007874516613639582,2.707651783064507
2025-08-29 04:00:00+00:00,178.0999522321,178.139943262,173.1402253455,174.1701660156,243257900,0.0,0.0,-0.03324642128302835,2.584385629913973
2025-09-02 04:00:00+00:00,169.9904156792,172.3702863812,167.2105736316,170.7703704834,231164900,0.0,0.0,-0.019519964928410793,2.5144185481281527
2025-09-03 04:00:00+00:00,171.050359731,172.4002897727,168.8704898799,170.6103820801,164424900,0.0,0.0,-0.0009368627757093684,2.511126020212149
2025-09-04 04:00:00+00:00,170.5603946798,171.8503152671,169.4004563909,171.6503295898,141670100,0.0,0.0,0.006095452674220958,2.532527922701578
2025-09-05 04:00:00+00:00,168.0205271745,169.020470806,164.0607589384,167.0105895996,224441400,0.0,0.0,-0.027030183986758383,2.4370430430125927
2025-09-08 04:00:00+00:00,167.5405549409,170.9503663136,167.3405692704,168.3005065918,163769100,0.0,0.0,0.007723564088316426,2.4635892652296025
2025-09-09 04:00:00+00:00,169.0804622048,170.9703550269,166.7306038642,170.7503662109,157548400,0.0,0.0,0.014556460159932616,2.5140068643792874
2025-09-10 04:00:00+00:00,176.6300437721,179.2798883121,175.4601115455,177.3200073242,226852000,0.0,0.0,0.03847512165909839,2.649208705997187
2025-09-11 04:00:00+00:00,179.6799926758,180.2799987793,176.4799957275,177.1699981689,151159300,0.01,0.0,-0.0008459798618534187,2.6461215489202132
2025-09-12 04:00:00+00:00,177.7700042725,178.6000061035,176.4499969482,177.8200073242,124911000,0.0,0.0,0.0036688443981374164,2.659498601539897
2025-09-15 04:00:00+00:00,175.6699981689,178.8500061035,174.5099945068,177.75,147061600,0.0,0.0,-0.000393697679206384,2.658057865433412
2025-09-16 04:00:00+00:00,177.0,177.5,174.3800048828,174.8800048828,140737800,0.0,0.0,-0.016146245385091462,2.5989939655052603
2025-09-17 04:00:00+00:00,172.6399993896,173.1999969482,168.4100036621,170.2899932861,211843800,0.0,0.0,-0.02624663465543753,2.5045324857655196
2025-09-18 04:00:00+00:00,173.9799957275,177.1000061035,172.9600067139,176.2400054932,191763300,0.0,0.0,0.03494046885716595,2.626982493943336
2025-09-19 04:00:00+00:00,175.7700042725,178.0800018311,175.1799926758,176.6699981689,237182100,0.0,0.0,0.0024398131088154695,2.6358316533775032
2025-09-22 04:00:00+00:00,175.3000030518,184.5500030518,174.7100067139,183.6100006104,269637000,0.0,0.0,0.03928229191956634,2.778655453755878
2025-09-23 04:00:00+00:00,181.9700012207,182.4199981689,176.2100067139,178.4299926758,192559600,0.0,0.0,-0.028212014146176023,2.672051972640992
2025-09-24 04:00:00+00:00,179.7700042725,179.7799987793,175.3999938965,176.9700012207,143564100,0.0,0.0,-0.0081824329710799,2.6420056535085354
2025-09-25 04:00:00+00:00,174.4799957275,180.2599945068,173.1300048828,177.6900024414,191586700,0.0,0.0,0.004068493053814626,2.6568231282117885
2025-09-26 04:00:00+00:00,178.1699981689,179.7700042725,174.9299926758,178.1900024414,148573700,0.0,0.0,0.0028138893192086734,2.667113023754499
2025-09-29 04:00:00+00:00,180.4299926758,184.0,180.3200073242,181.8500061035,193063500,0.0,0.0,0.02053989343932816,2.7424351344923887
2025-09-30 04:00:00+00:00,182.0800018311,187.3500061035,181.4799957275,186.5800018311,236981000,0.0,0.0,0.026010423804483818,2.839777458401326
2025-10-01 04:00:00+00:00,185.2400054932,188.1399993896,183.8999938965,187.2400054932,173844900,0.0,0.0,0.0035373762226535987,2.853360195882956
2025-10-02 04:00:00+00:00,189.6000061035,191.0500030518,188.0599975586,188.8899993896,136805800,0.0,0.0,0.008812186754929119,2.8873167255630867
2025-10-03 04:00:00+00:00,189.1900024414,190.3600006104,185.3800048828,187.6199951172,137596900,0.0,0.0,-0.0067235125020066455,2.8611803029595038
2025-10-06 04:00:00+00:00,185.5,187.2299957275,183.3300018311,185.5399932861,157678100,0.0,0.0,-0.011086248189062564,2.818374299818175
2025-10-07 04:00:00+00:00,186.2299957275,189.0599975586,184.0,185.0399932861,140088000,0.0,0.0,-0.002694836790411048,2.808084404275465
2025-10-08 04:00:00+00:00,186.5700073242,189.6000061035,186.5399932861,189.1100006104,130168900,0.0,0.0,0.021995284651827207,2.8918443047256877
2025-10-09 04:00:00+00:00,192.2299957275,195.3000030518,191.0599975586,192.5700073242,182997200,0.0,0.0,0.018296265150610447,2.963050520049842
2025-10-10 04:00:00+00:00,193.5099945068,195.6199951172,182.0500030518,183.1600036621,268774400,0.0,0.0,-0.048865364824221325,2.769394610570786
2025-10-13 04:00:00+00:00,187.9700012207,190.1100006104,185.9600067139,188.3200073242,153482800,0.0,0.0,0.028172109406698675,2.8755864079368068
2025-10-14 04:00:00+00:00,184.7700042725,184.8000030518,179.6999969482,180.0299987793,205641400,0.0,0.0,-0.0440208592952549,2.7049797639864184
2025-10-15 04:00:00+00:00,184.8000030518,184.8699951172,177.2899932861,179.8300018311,214450500,0.0,0.0,-0.0011109090126983912,2.7008638685747406
2025-10-16 04:00:00+00:00,182.2299957275,183.2799987793,179.7700042725,181.8099975586,179723300,0.0,0.0,0.011010374839230952,2.741611766996715
2025-10-17 04:00:00+00:00,180.1799926758,184.1000061035,179.75,183.2200012207,173135200,0.0,0.0,0.007755369237302467,2.77062934779241
2025-10-20 04:00:00+00:00,183.1300048828,185.1999969482,181.7299957275,182.6399993896,128544700,0.0,0.0,-0.003165603248748705,2.7586930312792113
2025-10-21 04:00:00+00:00,182.7899932861,182.7899932861,179.8000030518,181.1600036621,124240200,0.0,0.0,-0.00810334938921542,2.7282350283999466
2025-10-22 04:00:00+00:00,181.1399993896,183.4400024414,176.7599945068,180.2799987793,162249600,0.0,0.0,-0.004857611310504217,2.710124711757773
2025-10-23 04:00:00+00:00,180.4199981689,183.0299987793,179.7899932861,182.1600036621,111363700,0.0,0.0,0.010428249919734567,2.7488148194853665
2025-10-24 04:00:00+00:00,183.8399963379,187.4700012207,183.5,186.2599945068,131296700,0.0,0.0,0.02250763483901408,2.8331917745214277
2025-10-27 04:00:00+00:00,189.9900054932,192.0,188.4299926758,191.4900054932,153452700,0.0,0.0,0.028079089126189283,2.9408243079959906
2025-10-28 04:00:00+00:00,193.0500030518,203.1499938965,191.9100036621,201.0299987793,297986200,0.0,0.0,0.04981979744336473,3.137155376780239
2025-10-29 04:00:00+00:00,207.9799957275,212.1900024414,204.7799987793,207.0399932861,308829600,0.0,0.0,0.029896008273859964,3.2608398081547048
2025-10-30 04:00:00+00:00,205.1499938965,206.1600036621,201.4100036621,202.8899993896,178864400,0.0,0.0,-0.02004440702799537,3.1754338007589658
2025-10-31 04:00:00+00:00,206.4499969482,207.9700012207,202.0700073242,202.4900054932,179802200,0.0,0.0,-0.001971481579197687,3.16720200993561
2025-11-03 05:00:00+00:00,208.0800018311,211.3399963379,205.5599975586,206.8800048828,180267300,0.0,0.0,0.021680079364447602,3.2575472802386995
2025-11-04 05:00:00+00:00,203.0,203.9700012207,197.9299926758,198.6900024414,188919300,0.0,0.0,-0.039588177920044654,3.088998741005608
2025-11-05 05:00:00+00:00,198.7700042725,202.9199981689,194.6499938965,195.2100067139,171350300,0.0,0.0,-0.017514699706777548,3.017381155955503
2025-11-06 05:00:00+00:00,196.4199981689,197.6199951172,186.3800048828,188.0800018311,223029800,0.0,0.0,-0.03652479195520819,2.8706471450294546
2025-11-07 05:00:00+00:00,184.8999938965,188.3200073242,178.9100036621,188.1499938965,264942300,0.0,0.0,0.00037213985920137027,2.872087567113024
2025-11-10 05:00:00+00:00,195.1100006104,199.9400024414,193.7899932861,199.0500030518,198897100,0.0,0.0,0.05793255120324914,3.0964074783582642
2025-11-11 05:00:00+00:00,195.1600036621,195.4199981689,191.3000030518,193.1600036621,176483300,0.0,0.0,-0.02959055161715929,2.9751925214249866
2025-11-12 05:00:00+00:00,195.6950073242,195.8899993896,191.1300048828,193.8000030518,153217539,0.0,0.0,0.0033133121638346807,2.9883635751598088
