Date,Close,High,Low,Open,Volume,Daily_Return,Cumulative_Return
,GOOG,GOOG,GOOG,GOOG,GOOG,,
2023-11-01 00:00:00,126.70294189453125,126.87178463321261,124.07592255785823,124.48809525006872,26536600,0.0,0.0
2023-11-02 00:00:00,127.7060775756836,129.20580904934013,127.23927082893425,128.67941253152986,24091700,0.007917224858025484,0.007917224858025484
2023-11-03 00:00:00,129.48390197753906,129.8414557513251,128.1331449604673,128.21260303853958,19529400,0.013921220004598833,0.021948662291698673
2023-11-06 00:00:00,130.5565643310547,130.665817294883,129.04689114590306,129.33492857557724,15360400,0.008284136770157602,0.030414624782202804
2023-11-07 00:00:00,131.50010681152344,132.37413053825398,130.2486761478604,131.0829632569691,19223800,0.007227078050830116,0.03786151170022056
2023-11-08 00:00:00,132.35426330566406,132.63235901096158,131.26174879344643,131.46038641793334,15093600,0.00649548137147038,0.04460292181563541
2023-11-09 00:00:00,130.79493713378906,133.04951273258644,130.6161526699025,132.45358472640288,17976500,-0.011781457830896125,0.032295976542233706
2023-11-10 00:00:00,133.14881896972656,133.35739831059152,129.9804983273355,130.63601607853604,20872900,0.01799673509938482,0.050873933776224955
2023-11-13 00:00:00,132.73167419433594,133.19848090776173,131.8675922654779,132.45357851251777,16409900,-0.00313292133282439,0.04758162841098823
2023-11-14 00:00:00,134.50950622558594,136.30721680296887,134.18176249600617,134.7280121486915,22317300,0.013394180718665716,0.06161312605947922
2023-11-15 00:00:00,135.45306396484375,135.90992897259557,134.41019752225017,135.711291353787,15840900,0.007014803382560775,0.06906013340713213
2023-11-16 00:00:00,137.75730895996094,137.93609345313652,135.1551208938237,136.0291447380572,17615100,0.017011390718450148,0.0872463330380393
2023-11-17 00:00:00,136.00926208496094,137.0620551562761,134.55917860130444,136.88328583703222,25565300,-0.012689322172430573,0.07344991403732593
2023-11-20 00:00:00,136.9825897216797,137.4841622099929,134.56911311094566,134.57903968756656,19569400,0.007156333486396882,0.08113187960312107
2023-11-21 00:00:00,137.67784118652344,138.0204975488539,136.76906680496015,137.00247019444495,17648100,0.005075473213467241,0.08661913549827216
2023-11-22 00:00:00,139.06832885742188,140.14099022883187,138.05525725857697,138.15458364957178,17306400,0.010099574912818543,0.09759352685893918
2023-11-24 00:00:00,137.2805633544922,138.72766131128793,136.53566086855264,138.59158384910427,8828600,-0.012855302983920791,0.08348362951797728
2023-11-27 00:00:00,137.11170959472656,138.68097252431508,136.6051662457298,136.63497628544607,17886400,-0.001229990288789895,0.08215095517560744
2023-11-28 00:00:00,137.67784118652344,137.71757780669284,136.108578101595,136.6945795859927,17046900,0.004128980620767164,0.08661913549827216
2023-11-29 00:00:00,135.47293090820312,138.7207101068505,135.36864879985237,138.0403682367615,21014700,-0.016014997470312875,0.06921693279207375
2023-11-30 00:00:00,133.009765625,136.02911172406394,131.88744120241162,135.4729052231266,29913500,-0.018181973820823094,0.04977645851126744
2023-12-01 00:00:00,132.41387939453125,132.5926487251152,131.25380344096993,132.41387939453125,24268000,-0.0044800186487716775,0.04507344040009542
2023-12-04 00:00:00,129.74212646484375,130.5565451303608,128.52047573395316,130.40161478149722,24117100,-0.02017728762199411,0.02398669300703582
2023-12-05 00:00:00,131.49017333984375,132.63235097777428,128.84824914445224,129.48389859735832,19235100,0.013473240516631124,0.03778311200774942
2023-12-06 00:00:00,130.5366973876953,132.40392436898622,130.4175178459377,131.9967073945423,16360600,-0.0072513095688461204,0.03025782539726074
2023-12-07 00:00:00,137.50897216796875,139.04844007120107,135.30405997729065,135.67155544578853,38419400,0.05341237307058355,0.0852863407262674
2023-12-08 00:00:00,135.71128845214844,137.05211887182605,134.6485688789512,134.7379535322421,23016100,-0.013073210332955054,0.07109816412246972
2023-12-11 00:00:00,133.7844696044922,133.87385425633943,131.98677421586547,132.91046108352194,24502900,-0.014197926124145832,0.05589079151655074
2023-12-12 00:00:00,132.73167419433594,133.62555100659748,131.92718203228492,132.36419386230722,26584000,-0.00786933949260804,0.04758162841098845
2023-12-13 00:00:00,133.05946350097656,133.86395584703567,132.04639176830733,133.6305524369374,25414500,0.0024695635659706117,0.05016869783289235
2023-12-14 00:00:00,132.294677734375,134.1172124747159,130.1692232592123,133.85401420402098,29619100,-0.005747699160052244,0.04413264409044504
2023-12-15 00:00:00,132.9302978515625,133.9135743659218,131.7285306001998,132.01655282789972,58594000,0.0048045781438290636,0.04914926097150052
2023-12-18 00:00:00,136.25755310058594,137.43946736521315,132.8607998837617,132.950184536949,25699800,0.02503007442847105,0.0754095450601926
2023-12-19 00:00:00,137.16136169433594,137.82680598922155,136.51577055088399,137.06203531685796,20661000,0.0066330898594868515,0.08254283320832667
2023-12-20 00:00:00,138.7107696533203,142.10553763734032,138.46246884060355,139.37621401279182,33507300,0.011296242176694227,0.09477149921889261
2023-12-21 00:00:00,140.83621215820312,141.06464464326694,139.51823567733925,139.81321410826092,18101500,0.015322836937571083,0.11154650438532387
2023-12-22 00:00:00,141.74996948242188,142.27636599411244,141.08948083232403,141.16398320036313,18513500,0.006488085061477689,0.11875831265556402
2023-12-26 00:00:00,141.84930419921875,142.96665792446996,141.53147186515343,142.0082052111716,11170100,0.0007007741670743695,0.11954230958027279
2023-12-27 00:00:00,140.47866821289062,142.34589514736865,140.09230463692492,141.85922010559463,17288400,-0.00966262044121946,0.10872459717491245
2023-12-28 00:00:00,140.3197784423828,141.30305528735602,139.87085461719832,140.8859116681472,12192500,-0.0011310597724846216,0.10747056338428362
2023-12-29 00:00:00,139.97215270996094,140.47372529386737,138.9491543851225,139.72385185140635,14881000,-0.0024773822783978883,0.10472693543670797
2024-01-02 00:00:00,138.61143493652344,139.65927218386082,136.80381300921306,138.6511715510144,20071900,-0.009721346332774328,0.0939875022941834
2024-01-03 00:00:00,139.406005859375,140.13103997328284,137.48911574634155,137.65797363177793,18974300,0.005732362003289415,0.1002586346844081
2024-01-04 00:00:00,137.1017608642578,139.6791243393909,137.07196598114118,138.89947135773542,18253300,-0.016529022411283956,0.08207243505350093
2024-01-05 00:00:00,136.45619201660156,137.8665387934094,135.91986893728313,137.41165910690393,15439500,-0.004708683853414719,0.07697729805033937
2024-01-08 00:00:00,139.57484436035156,139.6840973184582,136.9428619447068,137.06204147897657,17645300,0.02285460481976931,0.10159118859714278
2024-01-09 00:00:00,141.59104919433594,141.8294234239338,138.83987202032304,139.10804113423583,19579700,0.014445331056784028,0.11750403800566467
2024-01-10 00:00:00,142.8226318359375,143.5426951064754,141.49174310459878,141.5513328753932,16641900,0.008698167353158093,0.12722427514606793
2024-01-11 00:00:00,142.69351196289062,145.6631951956154,141.2483993866276,143.9101920305069,17471100,-0.0009040575109636739,0.12620519957358156
2024-01-12 00:00:00,143.2596435546875,143.75624518425926,142.38561983701592,143.35895478755444,13998700,0.003967465542120019,0.13067337989624606
2024-01-16 00:00:00,143.10072326660156,144.84875549642337,142.08368109749628,142.45513207374046,19198900,-0.0011093165119127057,0.12941910524634692
2024-01-17 00:00:00,141.91880798339844,142.43527790298106,139.55497946211506,141.93867629128815,17884500,-0.00825932431523202,0.12009086656829826
2024-01-18 00:00:00,144.00454711914062,144.5955042753339,142.3756943676789,142.4650790244781,18876800,0.01469670697900849,0.13655251382411615
2024-01-19 00:00:00,146.96426391601562,147.03378025237419,144.80901500767453,145.31057226771088,27181000,0.020552939862560793,0.1599120092913855
2024-01-22 00:00:00,146.70608520507812,148.99541183509646,146.57696390964745,147.69928863434387,21829200,-0.001756744830736845,0.15787433986495336
2024-01-23 00:00:00,147.66946411132812,147.84824859171044,146.1896008460597,146.71599739955627,14113600,0.006566727650753501,0.16547778530864243
2024-01-24 00:00:00,149.328125,150.53983426098853,148.82158160830878,149.26852007062226,19245000,0.011232253727293307,0.1785687275067529
2024-01-25 00:00:00,152.5957489013672,153.70813170761585,150.19219882067753,150.70866876146974,21495100,0.021882173243434222,0.2043583725813496
2024-01-26 00:00:00,152.7447509765625,153.06258335306524,151.76148926630614,151.83100562673994,19494500,0.000976449712839722,0.20553436796841273
2024-01-29 00:00:00,153.78758239746094,154.14513616158507,151.88063404049177,152.59574156874,20909300,0.006827281554561804,0.2137648905222338
2024-01-30 00:00:00,152.009765625,153.98623046062033,151.73662562889228,152.96323229065618,26578900,-0.011560210159661688,0.19973351330337796
2024-01-31 00:00:00,140.83621215820312,144.60044549414414,140.58791136637097,144.40180789169398,43908600,-0.07350549762941838,0.11154650438532276
2024-02-01 00:00:00,141.74005126953125,143.63705807686486,141.29309765523837,142.71338627149655,25526900,0.006417661320746282,0.11868003339272715
2024-02-02 00:00:00,142.5643768310547,142.90207742784477,137.23088063991614,139.93239448377048,42136100,0.005815756055822963,0.12518600357145915
2024-02-05 00:00:00,143.94493103027344,145.6731100364375,142.93187468828432,143.06098079751158,29254400,0.009683724854034015,0.13608199523965525
2024-02-06 00:00:00,144.4216766357422,145.74263867089806,143.53772642034644,144.9679414104424,21517700,0.003311999957598344,0.13984469875971728
2024-02-07 00:00:00,145.6830596923828,146.00089203792436,144.2230647146775,145.12686824276548,21436100,0.008734028616923295,0.14980013497753286
2024-02-08 00:00:00,146.21939086914062,146.60673954948905,145.4248251990445,145.97109004442805,18241300,0.0036814930843043214,0.15403311622278482
2024-02-09 00:00:00,149.19900512695312,149.67078276972947,146.4279593553154,146.94442932923687,21877700,0.0203776957358488,0.17754965193426608
2024-02-12 00:00:00,147.71910095214844,149.5664594260565,147.55025823446212,148.52359308262692,17236100,-0.00991899492590742,0.16586954291172606
2024-02-13 00:00:00,145.3751678466797,147.03381560382212,144.12373709565372,145.07721896911178,18138500,-0.01586750183531127,0.14737010579984067
2024-02-14 00:00:00,146.1399383544922,146.82525108162173,144.56570439760185,146.36837087850864,16651800,0.005260668098550747,0.1534060391126526
2024-02-15 00:00:00,142.96168518066406,143.77610400462038,140.91568881099957,143.4781551391971,26724300,-0.021748012279289575,0.1283217504110239
2024-02-16 00:00:00,140.79649353027344,143.49800770290975,140.55813443891583,143.22985372513244,21865100,-0.015145258309276488,0.11123302604507401
2024-02-20 00:00:00,141.23350524902344,142.35482958461156,139.84302670070326,139.98207455553526,18625600,0.003103853709652382,0.11468213079525236
2024-02-21 00:00:00,142.8623504638672,143.00139831132194,140.94547548430683,141.67050960638667,16440800,0.01153299432717314,0.12753775348631535
2024-02-22 00:00:00,144.33230590820312,145.20631447694223,143.03119689930858,145.12685639704245,23024700,0.010289313031481395,0.1391393423867493
2024-02-23 00:00:00,144.302490234375,144.96297886741098,143.8058886206968,143.9846730822618,14519400,-0.000206576577852835,0.1389040228797016
2024-02-26 00:00:00,137.80694580078125,142.86234651762354,137.79701922447967,142.474997870765,33513000,-0.045013391127510904,0.08763809064112205
2024-02-27 00:00:00,139.1477813720703,139.53513003332552,137.5586501102096,138.46246870483137,22364000,0.009729811247884523,0.09822060396906962
2024-02-28 00:00:00,136.4959259033203,138.33335811960436,135.7113019435236,138.15458879525067,30628700,-0.019057835077220142,0.07729089682022194
2024-02-29 00:00:00,138.8299560546875,138.99879879706955,136.6349852486413,137.40968261019637,35485000,0.01709963235840739,0.09571217509890673
2024-03-01 00:00:00,137.1415252685547,139.04847394982835,137.037243156515,138.66112523574276,28551500,-0.012161862137791912,0.0823862746826538
2024-03-04 00:00:00,133.2878875732422,135.7013796131117,131.95699871113436,135.6119797930569,43571500,-0.028099714421041977,0.051971529470815625
2024-03-05 00:00:00,132.87074279785156,133.10911705740648,130.65590357332016,131.83781798327433,28447600,-0.003129652536217109,0.04867922410557912
2024-03-06 00:00:00,131.65902709960938,133.82421817550758,131.0531724800545,133.32761652521933,23175200,-0.00911950721977739,0.0391157863501177
2024-03-07 00:00:00,134.32081604003906,134.89687575674708,131.7583497781638,132.97998556001946,24107300,0.02021729158317309,0.060123893191436295
2024-03-08 00:00:00,135.36366271972656,138.04035272217487,133.88379959347205,134.11720296074475,26495200,0.007763850089897106,0.06835453617489273
2024-03-11 00:00:00,137.99566650390625,139.02859124953528,136.13838121514166,136.13838121514166,22536400,0.019443946265175427,0.08912756436843372
2024-03-12 00:00:00,138.67105102539062,139.3265688932182,137.27064577786194,137.31036724481473,19019700,0.004894244425170058,0.09445802087864297
2024-03-13 00:00:00,139.81321716308594,141.2235638728983,139.05837304017373,139.1080362306408,19637000,0.008236514609571755,0.1034725403571728
2024-03-14 00:00:00,143.3589630126953,143.74631169978204,140.52337178857226,141.33283491602936,36117900,0.025360591234184993,0.13145725639131878
2024-03-15 00:00:00,141.20370483398438,143.35895407703438,140.1707801178293,142.43528232504678,41039500,-0.015033996712992992,0.1144469317178396
2024-03-18 00:00:00,147.4708251953125,151.89057695283617,147.1331397026208,148.35477554681722,47676700,0.04438354056429672,0.16391003231849433
2024-03-19 00:00:00,146.91461181640625,148.60305418276445,146.01079329000518,147.9674047570151,17748400,-0.0037716841834281034,0.15952013125866538
2024-03-20 00:00:00,148.6626739501953,148.74213203883423,146.66136975503807,147.7787235523237,17730000,0.011898490641445214,0.1733166706890139
2024-03-21 00:00:00,147.72903442382812,150.27658764289095,147.00398524979138,149.29829713909888,19843900,-0.006280255168018667,0.16594794260419676
2024-03-22 00:00:00,150.73846435546875,151.52308826961857,149.06987498317417,149.21886456654786,19252900,0.020371282756825648,0.18969979782272595
2024-03-25 00:00:00,150.12266540527344,150.4265853577574,147.7886468572479,149.92402778598515,15114700,-0.004085214433013906,0.18483961903770685
2024-03-26 00:00:00,150.66893005371094,152.15873492930152,150.00348569455662,150.212065045374,19312700,0.00363878863303424,0.18915099997542995
2024-03-27 00:00:00,150.9073028564453,151.65220528716614,149.1096074151183,151.11091133945177,16622000,0.001582096605115657,0.19103235173546107
2024-03-28 00:00:00,151.22511291503906,151.63232986193898,150.3014412187363,150.96688554033764,21105600,0.002105995220762047,0.19354066017598903
2024-04-01 00:00:00,155.4363250732422,155.9329267507925,150.61928273897215,150.79806722353212,24469800,0.02784730708430061,0.22677755345750872
2024-04-02 00:00:00,154.8105926513672,154.9297873521515,152.41698422967937,153.69820981124406,17598100,-0.004025651157026244,0.2218389749800187
2024-04-03 00:00:00,155.3072052001953,155.48598968638157,153.08442467934654,153.8670633532154,17266200,0.003207871892503489,0.22575847788502235
2024-04-04 00:00:00,150.9073028564453,155.11847489887006,150.84771308680024,154.02596042686008,24184800,-0.028330316923019794,0.1910323517354613
2024-04-05 00:00:00,152.89370727539062,153.78758411816315,150.0541305184715,150.64905828185488,16297300,0.013163076811696373,0.20671000206657064
2024-04-08 00:00:00,155.07875061035156,155.59024966391866,152.94336974324503,152.96819376178502,16641500,0.014291257461795048,0.2239554053878272
2024-04-09 00:00:00,157.06517028808594,158.8032760745094,155.5753653282944,156.28054634416415,21521500,0.012809102922975102,0.2396331761485717
2024-04-10 00:00:00,156.5884246826172,157.08502629699433,155.13834130040138,156.8069306053494,16339200,-0.003035336253061738,0.2358704726285099
2024-04-11 00:00:00,159.6971435546875,160.02490244508977,156.8565816596134,157.26379862845369,17841700,0.01985280124230937,0.2604059634828426
2024-04-12 00:00:00,158.1080322265625,160.6009669981502,157.52204592984705,158.3215672940823,16989800,-0.009950781164603684,0.2478639395616633
2024-04-15 00:00:00,155.26747131347656,159.73688609456082,155.0886868415919,159.19062125696797,21140900,-0.01796594944028862,0.2254448791151391
2024-04-16 00:00:00,154.939697265625,156.16133294295136,153.99615726842043,154.58214351188582,15413200,-0.0021110284406564706,0.22285793012287014
2024-04-17 00:00:00,155.81375122070312,157.60250541731543,155.07380439659403,156.12164184392074,16237800,0.005641252503415295,0.22975638048249714
2024-04-18 00:00:00,156.38980102539062,157.40782836368945,155.1482968786458,155.85843361336467,14016100,0.003697040859195644,0.2343028400679974
2024-04-19 00:00:00,154.66162109375,156.91619685740514,152.86392552225382,156.6778226064857,21479900,-0.011050464418456807,0.22066322045222586
2024-04-22 00:00:00,156.87644958496094,158.10305619927254,154.60202082115646,154.94963286401034,17243900,0.014320478962705163,0.23814370242125982
2024-04-23 00:00:00,158.83306884765625,159.38926026709757,156.89135459062405,157.5121066489433,16115400,0.012472358138342798,0.25358627410459156
2024-04-24 00:00:00,160.0050506591797,160.29307293528493,157.74054844711983,158.00870241467607,19485700,0.007378701551422839,0.2628361130901695
2024-04-25 00:00:00,156.87644958496094,157.20420847456293,151.72967873273606,152.3176503256472,36197800,-0.019553139487345716,0.23814370242126004
2024-04-26 00:00:00,172.5094757080078,175.22091634951357,170.23503176823874,174.79384622449396,56500800,0.099651835341801,0.3615269947844313
2024-04-29 00:00:00,166.75881958007812,170.21517780105322,165.92453248746162,169.60932321246955,35914600,-0.03333530581046651,0.3161400760440869
2024-04-30 00:00:00,163.52098083496094,168.71542953697917,163.38193298755766,166.24236316851517,29420800,-0.01941629686076285,0.2905855096172678
2024-05-01 00:00:00,164.44467163085938,167.6626405057152,163.77921210776898,165.05051107278743,25223200,0.005648760123514007,0.2978757175799789
2024-05-02 00:00:00,167.31503295898438,167.38454930866686,164.56385560131912,165.53719058243047,17041100,0.01745487585373584,0.32052997710391584
2024-05-03 00:00:00,167.84140014648438,168.69555543304702,163.8586459492795,168.38764973660633,22767100,0.003145964700189463,0.3246843177974268
2024-05-06 00:00:00,168.6757049560547,168.7452213009313,166.7488882811883,168.06985038462844,15147900,0.004970792717661876,0.3312690489575352
2024-05-07 00:00:00,171.80429077148438,172.29096581083274,168.84454938451893,168.96372892269463,21102400,0.018547933836972952,0.3559613391968095
2024-05-08 00:00:00,169.9966583251953,170.74056046805404,169.3629942173599,169.58944138801132,14569900,-0.01052146275376431,0.341694642470906
2024-05-09 00:00:00,170.413818359375,171.26797377514256,168.77502387588422,169.98673307395165,11937700,0.002453930790696335,0.34498706826577763
2024-05-10 00:00:00,169.13258361816406,170.17545011621107,166.7687700650145,168.53667073005127,18740500,-0.007518373530654765,0.33487495309265536
2024-05-13 00:00:00,169.73843383789062,169.7880970327157,164.63336960450573,164.71978386660297,19648600,0.003582102317400526,0.3396566117555684
2024-05-14 00:00:00,170.7614288330078,171.60565766413922,169.2616973696119,170.42374336258686,18729500,0.006026890739985191,0.3477305757837179
2024-05-15 00:00:00,172.6981658935547,172.86303797761985,170.86073403251723,171.12890312228032,20958200,0.011341771228916553,0.3630162276524729
2024-05-16 00:00:00,174.23765563964844,175.14147432134027,172.86704532821065,173.41331019929254,17247300,0.008914337556095608,0.37516661440020305
2024-05-17 00:00:00,176.08499145507812,176.28859993291974,173.79069445146914,174.35682755889388,16546400,0.010602391363955688,0.38974666903671995
2024-05-20 00:00:00,177.24705505371094,178.72691816682396,176.02044845873684,176.10486224642364,17495100,0.006599447170540174,0.3989182287594619
2024-05-21 00:00:00,178.31968688964844,178.59779771433034,176.10484810848462,177.1874359048078,14706000,0.006051620071275465,0.40738395039069575
2024-05-22 00:00:00,176.79017639160156,177.6363905213755,175.57846722864608,177.1874516248321,16189400,-0.008577350738583345,0.39531232462434174
2024-05-23 00:00:00,173.8701629638672,178.6872049115101,173.35369301724543,177.5648803607011,14928400,-0.016516830784004455,0.37226618706768555
2024-05-24 00:00:00,175.13153076171875,176.098909756579,174.0092062404227,175.32024180389195,11403600,0.007254653566487468,0.3822215028558662
2024-05-28 00:00:00,176.81005859375,177.29671851943797,174.48595131597597,174.5455562452152,15655300,0.009584383946914965,0.39546924443891873
2024-05-29 00:00:00,176.19427490234375,177.01863553268083,175.06202364665643,175.60828854086543,15023800,-0.003482741289176916,0.3906091860835348
2024-05-30 00:00:00,172.38035583496094,175.48908689657685,172.0525969396879,175.48908689657685,18826300,-0.021646100984249905,0.3605079192119449
2024-05-31 00:00:00,172.77764892578125,173.23451394686091,169.80796566844623,172.22144235978098,28085200,0.0023047469005150756,0.36364354562187495
2024-06-03 00:00:00,173.2344970703125,174.66471207625125,171.277885590671,172.69817402062438,20742800,0.00264413914283268,0.36724920889772483
2024-06-04 00:00:00,173.93968200683594,173.99927177427736,172.04266024953338,173.26429594731727,14066600,0.004070695782014022,0.37281486448534684
2024-06-05 00:00:00,175.8665008544922,176.7603776874857,174.0985851861043,175.33513349634194,15233900,0.011077511614517865,0.38802223709126604
2024-06-06 00:00:00,177.13778686523438,177.49534060342037,176.0055358868249,176.22402663592112,14255800,0.007228699067561628,0.39805583214228246
2024-06-07 00:00:00,174.7541046142578,178.20052102148705,174.59518846085118,177.2470544112042,14716300,-0.01345665593524692,0.37924267583087845
2024-06-10 00:00:00,175.62913513183594,177.45870517393539,173.39188470369487,175.4501472079754,17099800,0.005007210099640336,0.3861488336871537
2024-06-11 00:00:00,177.1802978515625,177.3791615272651,174.4458805867554,176.7129598688821,14402400,0.00883203529165133,0.39839134910576
2024-06-12 00:00:00,178.5425262451172,181.0482509893317,176.77261377524658,178.73145204341668,18600400,0.007688373990069275,0.4091427047821625
2024-06-13 00:00:00,175.738525390625,177.49848493318783,175.65897688218814,176.8322832438967,15956900,-0.015704946678320453,0.3870121937414144
2024-06-14 00:00:00,177.35923767089844,177.7171982896172,174.85551608651528,174.85551608651528,12361600,0.00922229361303084,0.39980362743695164
2024-06-17 00:00:00,177.76693725585938,178.9004768092494,175.48992027637692,175.977133968316,15272900,0.0022987220193033675,0.4030213868580417
2024-06-18 00:00:00,175.45013427734375,177.89620124099332,174.62483569288585,177.7768709097724,15640300,-0.013032811468091321,0.3847360736374208
2024-06-20 00:00:00,176.7030029296875,177.7271651627615,175.46008612524582,175.70866948613414,16753200,0.007140881695554935,0.3946243101188329
2024-06-21 00:00:00,179.23855590820312,181.47779391601637,177.0510251857919,177.47859649151792,58903200,0.014349235363728008,0.41463610258870487
2024-06-24 00:00:00,179.7655487060547,181.04824743123444,179.20872436768917,180.25277758828716,18198300,0.0029401754281119796,0.4187953808972562
2024-06-25 00:00:00,184.52841186523438,184.69744673874425,180.0787634051556,180.1185452414668,18797000,0.026494860630763784,0.4563861667777005
2024-06-26 00:00:00,184.31959533691406,184.87641966721847,182.94742542932823,183.15622696702985,13375700,-0.0011316226385388317,0.45473808722092013
2024-06-27 00:00:00,185.8011474609375,186.43752025652012,184.39913366725065,184.59303597103306,13025700,0.008037952347472066,0.46643120264405447
2024-06-28 00:00:00,182.38064575195312,185.5227432016718,182.2861828572196,184.66761579883254,23032400,-0.018409475698762834,0.4394349730550713
2024-07-01 00:00:00,183.444580078125,184.28975439076217,181.6945435299368,183.43462703353134,11815900,0.0058335922750205604,0.4478320497942798
2024-07-02 00:00:00,185.5525665283203,185.89063626145088,182.0226797308145,182.43036008846724,12555500,0.011491135084490178,0.4644692834581201
2024-07-03 00:00:00,186.32814025878906,186.55683269872398,184.33449688272273,185.24432046483227,7409100,0.0041798059977271595,0.4705904809526056
2024-07-05 00:00:00,190.8722686767578,191.1705565941188,186.25856176289477,186.25856176289477,14303400,0.02438777316006835,0.5064549080134335
2024-07-08 00:00:00,189.40061950683594,190.5928303370043,188.2472043076679,190.28061426554405,12097600,-0.007710125625499442,0.4948399514234998
2024-07-09 00:00:00,189.3608856201172,191.7671710149703,189.1520688966649,190.66346015632487,10198500,-0.00020978752246014754,0.4945263526536161
2024-07-10 00:00:00,191.5682830810547,192.2145937443777,189.53983437871398,189.66910258030822,12052900,0.011657093035389643,0.5119481853903409
2024-07-11 00:00:00,186.23866271972656,191.31970737889765,185.7613869004445,190.25576327897286,16452000,-0.027820995603291543,0.46988428157219153
2024-07-12 00:00:00,185.72158813476562,187.62076853838755,185.0852153762925,185.8607942015465,14449100,-0.0027764083859380673,0.46580328252647596
2024-07-15 00:00:00,187.1236114501953,188.82391312654403,185.43324764615406,185.43324764615406,12186000,0.007549059479355469,0.47686871869130276
2024-07-16 00:00:00,184.44886779785156,189.26143838906273,184.07101620543958,187.8892684498503,12760100,-0.014293993321391474,0.45575836708975737
2024-07-17 00:00:00,181.5851593017578,184.1803700633409,180.59082590915622,183.63348366294534,17376600,-0.015525758061211037,0.43315661488673807
2024-07-18 00:00:00,178.20443725585938,183.007069508874,177.2001659608237,182.49994975293632,17877200,-0.018617832310185434,0.4064743453565438
2024-07-19 00:00:00,178.3734588623047,180.93884072328964,177.8464634011439,179.34790129603107,14485900,0.0009484702460165195,0.4078083444249001
2024-07-22 00:00:00,182.31105041503906,183.25566419065754,180.8692547249465,181.31671693074068,16303900,0.02207498569489541,0.43888569348923423
2024-07-23 00:00:00,182.55963134765625,184.17044671555993,182.29115706223075,182.79826167041253,23772600,0.001363498987314804,0.4408476126751686
2024-07-24 00:00:00,173.3819122314453,176.94162766782634,172.5864576395385,174.39613656014743,31250700,-0.05027244549334897,0.36841267960273427
2024-07-25 00:00:00,168.20144653320312,174.20721377004753,168.09206924909273,173.2626000467253,28967900,-0.029878928150976036,0.32752597546799955
2024-07-26 00:00:00,167.72413635253906,168.87756663971626,164.9251008145459,167.8136378818866,25150100,-0.002837729344793982,0.32375881605143775
2024-07-29 00:00:00,170.16029357910156,171.1844558514704,168.75827972854137,169.53385863048427,13768900,0.014524786232566811,0.34298612987806054
2024-07-30 00:00:00,170.8861541748047,171.96997403739772,169.15600844040551,170.85632538389478,13681400,0.004265746023561556,0.3487149676212862
2024-07-31 00:00:00,172.16883850097656,174.91320865604047,170.74694888658044,173.92881303446427,15650200,0.00750607521344171,0.3588385236097462
2024-08-01 00:00:00,171.47280883789062,174.68450179084405,169.54379942259828,171.0054708796569,17177800,-0.004042715680410369,0.35334512580320343
2024-08-02 00:00:00,167.4457550048828,169.24551138112997,165.4471501358132,167.23695346679165,18907800,-0.023485086996008597,0.32156169778809107
2024-08-05 00:00:00,159.72972106933594,164.9996912656783,155.7126207010103,156.47824651554944,34907800,-0.04608079754140004,0.26066308075384903
2024-08-06 00:00:00,159.6302947998047,161.43005119518008,157.23396257497106,160.0330138293395,36146500,-0.0006224656805610129,0.25987836125132935
2024-08-07 00:00:00,159.839111328125,163.85621202253907,159.33200670134502,162.31500722379837,19334200,0.0013081259330016692,0.26152644080810994
2024-08-08 00:00:00,162.91162109375,164.56221858923624,161.11187962013494,161.4240957729258,15733600,0.019222515316152045,0.2857761521382747
2024-08-09 00:00:00,164.45281982421875,164.5820880366157,160.0180856611064,160.72904565696422,13549200,0.009460336347533183,0.2979400270051398
2024-08-12 00:00:00,163.02096557617188,165.7553825550023,162.62323826636265,165.05437565429597,12435000,-0.00870677833057143,0.2866391509036301
2024-08-13 00:00:00,164.98973083496094,165.5962748050298,163.83631564251016,164.24895732032397,12717600,0.012076761119839796,0.3021775845765269
2024-08-14 00:00:00,161.11184692382812,164.0252518080872,158.62601331064516,163.2795017241323,22515900,-0.023503789548040777,0.27157147667446413
2024-08-15 00:00:00,162.24539184570312,162.59341463206414,160.5749188847497,161.2908402029654,18392500,0.0070357639336784406,0.28051795340914465
2024-08-16 00:00:00,163.80650329589844,166.0039717947397,162.15590607432796,162.48403794408534,16853100,0.009621915497482592,0.2928389889498568
2024-08-19 00:00:00,167.4457550048828,167.51536563246327,165.14884705192927,166.05369417652463,13100800,0.022216771836039095,0.3215616977880913
2024-08-20 00:00:00,168.00259399414062,169.44437452745237,167.7042909111701,167.78383941145057,12622500,0.0033254888381111236,0.32595653646296086
2024-08-21 00:00:00,166.68014526367188,167.68441673185333,165.6261540813113,166.04377237022814,15269600,-0.007871597092809601,0.31551914084534705
2024-08-22 00:00:00,164.55224609375,168.45996922183042,164.09484603651103,168.08211766029928,19123800,-0.012766362583592317,0.29872474650765946
2024-08-23 00:00:00,166.4812469482422,166.99830460508238,164.72128761615647,165.60624380473357,14281600,0.011722725762085107,0.3139493405514022
2024-08-26 00:00:00,166.97840881347656,168.4202044524346,165.37754652596405,167.20213990843885,11990300,0.002986293497603043,0.3178731789232707
2024-08-27 00:00:00,165.43722534179688,167.29164775200093,165.21847074114297,166.66025139285182,13718200,-0.00922983685514256,0.30570942448604077
2024-08-28 00:00:00,163.56787109375,166.44149448358,162.3547829332504,165.83495040333017,15208700,-0.011299477757709897,0.29095558988602854
2024-08-29 00:00:00,162.47406005859375,166.68010096870896,161.06409612487732,165.11899035784106,17133800,-0.006687199801783339,0.2823227119212317
2024-08-30 00:00:00,164.17440795898438,164.34344283656623,162.48404401084056,163.2894517338057,18498800,0.010465349975112392,0.29574266788252257
2024-09-03 00:00:00,157.71124267578125,162.45421788846468,156.96051600131915,162.38958378108373,26533100,-0.03936767833399357,0.24473228732969265
2024-09-04 00:00:00,156.91575622558594,159.4910761689926,156.54785771147758,157.17925397775187,17410700,-0.005043942566800075,0.2384539291613601
2024-09-05 00:00:00,157.7012939453125,160.10260259244973,156.62741198020422,156.88593321960403,14139500,0.005006111168321725,0.2446537672075868
2024-09-06 00:00:00,151.2679443359375,158.31776446976443,151.07404204106973,157.79076898385384,24999100,-0.040794526464735026,0.1938787061618048
2024-09-09 00:00:00,148.8883514404297,153.96613354006942,147.55419432766988,152.960540228326,28057700,-0.01573097926301681,0.17509782499261606
2024-09-10 00:00:00,149.35630798339844,151.63633754172483,148.89134773184537,150.79003544164266,20401800,0.0031430030518941887,0.1787911610428421
2024-09-11 00:00:00,151.48699951171875,151.81556335808907,148.05203594300926,150.431620897965,18991500,0.014265828856436125,0.19560759400375893
2024-09-12 00:00:00,154.86219787597656,154.93190012982706,152.8310942526043,154.1353832451002,20980800,0.02228044898332482,0.2222462680060353
2024-09-13 00:00:00,157.67990112304688,158.58095638878973,155.4297544957591,155.68065531710025,16733900,0.018194906734611216,0.24448492485913165
2024-09-16 00:00:00,158.2971954345703,158.5461060421012,156.92320401946452,157.64006778453728,14157600,0.003914857297137253,0.24935690574839375
2024-09-17 00:00:00,159.58155822753906,160.88584730457183,158.7153542251151,159.3923837460219,12064800,0.008113616854946937,0.2594937089967182
2024-09-18 00:00:00,160.1092529296875,160.92568699517338,158.9642702393375,160.14908713362692,16756500,0.003306739876521414,0.26365852706848547
2024-09-19 00:00:00,162.52867126464844,164.2710454691448,161.81379771037444,164.1017880837837,17548200,0.015111046305508857,0.2827537295853684
2024-09-20 00:00:00,163.9225616455078,164.03208291554088,162.46891707891413,163.80308942085253,46362700,0.008576273773811094,0.29375497675466966
2024-09-23 00:00:00,162.3594207763672,165.8839883465766,162.23993335222076,164.61951818775515,15648400,-0.009535849448967348,0.2814179240724848
2024-09-24 00:00:00,162.92691040039062,163.83294856754733,161.3239256401504,163.53425282985546,18774100,0.003495267606338004,0.28589682263267613
2024-09-25 00:00:00,162.27975463867188,163.50139761204187,162.06567998392188,162.25983753751672,13607900,-0.003972061829002782,0.28078916094746087
2024-09-26 00:00:00,163.11607360839844,164.778794362882,162.78750983885925,164.31084128435305,18234500,0.005153563188388333,0.2873897888194066
2024-09-27 00:00:00,164.56973266601562,166.2424198697135,163.11610320738927,163.19575642587947,13604300,0.008911807558015905,0.29886275886951985
2024-09-30 00:00:00,166.46144104003906,166.63069841047735,163.92255009887248,164.06193941525086,14070100,0.011494874199392102,0.31379302288500033
2024-10-01 00:00:00,167.68609619140625,169.69729815329652,165.1770730146529,168.12418129125342,18629500,0.00735698996545775,0.3234585849710536
2024-10-02 00:00:00,166.58091735839844,168.14408312341,165.52553890950227,167.02895337262652,12745000,-0.006590760105395388,0.31473598692808347
2024-10-03 00:00:00,166.4813690185547,167.17831564598703,164.64937549349344,165.09742671826152,11004300,-0.0005975975004962608,0.3139503039884828
2024-10-04 00:00:00,167.82546997070312,168.8111613540106,166.23245134615243,168.60206977853457,11422100,0.008073581807214847,0.3245585892583487
2024-10-07 00:00:00,163.67364501953125,169.15962888910855,163.41478347821553,168.4029461736727,14034700,-0.024738944284777853,0.2917904081167624
2024-10-08 00:00:00,164.97793579101562,165.37620184985647,163.59399352017417,164.70910810033513,11723900,0.007968850277200845,0.30208449246856905
2024-10-09 00:00:00,162.3494415283203,165.5354940563339,160.41789291037858,164.13661774956313,19666400,-0.01593239877861563,0.2813391630911084
2024-10-10 00:00:00,162.4689178466797,163.5950013001064,160.9356352512682,161.40358838977565,12900500,0.0007359207228225806,0.2822821271341913
2024-10-11 00:00:00,163.80308532714844,164.54981709717626,161.7918835060304,162.6182684879368,10946000,0.008211832134733532,0.2928120127115863
2024-10-14 00:00:00,165.6251220703125,166.88957700087903,164.0619561840233,164.1913945597103,9981800,0.011123335922061939,0.3071923950130542
2024-10-15 00:00:00,166.17269897460938,168.35315811036688,165.3264121085983,166.411658603287,14829300,0.003306122268482925,0.31151413289939844
2024-10-16 00:00:00,166.013427734375,166.55106797325655,164.4960665730318,165.30651490961594,9968500,-0.0009584681552214924,0.31025708836789145
2024-10-17 00:00:00,163.79312133789062,167.19821643099237,163.65373201334134,166.65062527959674,15113400,-0.013374257894589792,0.29273337215984485
2024-10-18 00:00:00,164.33079528808594,165.64503546909341,164.03209950394375,164.15157174068116,13091300,0.0032826406005546094,0.2969769512129887
2024-10-21 00:00:00,165.07752990722656,165.49569793508482,163.58903403563815,163.86284483912917,11384000,0.004544094232803664,0.302870536697075
2024-10-22 00:00:00,166.0930633544922,166.74022480209356,163.95242319647124,163.98229125145,11958600,0.0061518575413404,0.31088561063364506
2024-10-23 00:00:00,163.76324462890625,166.86965899975868,162.91993546186882,165.70474411550393,12754300,-0.014027188604580076,0.29249757093425677
2024-10-24 00:00:00,163.8130340576172,164.33077233165082,162.06070899696806,163.87277016764097,12764400,0.0003040329887440407,0.2928905328336924
2024-10-25 00:00:00,166.26231384277344,166.67051564133874,164.50997366436278,164.64439509849527,14566400,0.014951678291330373,0.31222141614652843
2024-10-28 00:00:00,167.60643005371094,169.86256206708674,165.06753901516458,169.84662534790536,20858300,0.008084310748908363,0.3228298218460295
2024-10-29 00:00:00,170.39422607421875,171.11108976015856,167.9250373739239,168.64686894070343,28916100,0.01663298967476634,0.34483243661426743
2024-10-30 00:00:00,175.37245178222656,182.98911006764936,174.9791687802624,181.61513388598914,49698300,0.029215929569347265,0.38412296636496346
2024-10-31 00:00:00,171.93748474121094,177.64251131508703,171.80804637049553,173.95863755379753,32801900,-0.01958669680504377,0.3570125694818751
2024-11-01 00:00:00,171.89764404296875,173.0625589507953,169.56784461190855,170.79248043711254,21752900,-0.00023171618627637613,0.35669812770454556
2024-11-04 00:00:00,169.9362335205078,171.1708355365351,168.74644878064223,170.49380601285034,16194000,-0.011410339759925114,0.3412177411157824
2024-11-05 00:00:00,170.66305541992188,171.34705817597293,169.6275788891059,170.08558104548533,12518300,0.00427702723755119,0.3469541659260216
2024-11-06 00:00:00,177.55291748046875,177.8615642049402,174.27724535750224,174.58590727427162,27061500,0.04037113975015938,0.4013322407956803
2024-11-07 00:00:00,181.48568725585938,181.78438300082175,178.11046028006697,178.32950281355292,16730400,0.022149845979428928,0.4323715340953127
2024-11-08 00:00:00,179.07623291015625,181.5553878202433,178.78750331450587,181.20690692232023,15021500,-0.01327627749678284,0.4133549721301708
2024-11-11 00:00:00,181.17703247070312,181.29153680564582,179.20566494960767,179.28531815752916,12503400,0.011731314236439472,0.42993548343586396
2024-11-12 00:00:00,182.5211639404297,183.22307843198172,180.2013154285578,180.5896153395915,14065800,0.007418884454595043,0.44054400956500017
2024-11-13 00:00:00,179.70350646972656,181.8192466194637,179.33510844230398,181.3562613464338,13969700,-0.015437428788382834,0.41830571400080907
2024-11-14 00:00:00,176.5771942138672,179.6587088055344,175.2629388903221,178.96673001193344,17925800,-0.017397057616046263,0.39363136777716945
2024-11-15 00:00:00,173.13226318359375,175.11359710727302,171.99224833661086,174.8746374525842,21708900,-0.019509490144582253,0.3664423303423401
2024-11-18 00:00:00,176.02957153320312,176.13909280002633,173.65993786500817,174.19261017148003,18662800,0.016734653012286937,0.38930926860191994
2024-11-19 00:00:00,178.7974395751953,179.38486486474858,174.3528880122025,174.471372723143,15392900,0.015723881038193,0.41115460226667544
2024-11-20 00:00:00,176.55726623535156,178.32950846808063,174.56598146219105,178.05072981522193,15729800,-0.012529113085546273,0.3934740866736872
2024-11-21 00:00:00,168.5025177001953,174.8148865873952,164.58963534340768,174.69043129296793,38839400,-0.045621167040609034,0.32990217259878674
2024-11-22 00:00:00,165.84417724609375,167.53178337066268,164.98792409496505,166.43160267043936,24497000,-0.015776265484836016,0.3089212828550081
2024-11-25 00:00:00,168.69168090820312,169.7172065350398,166.6705280950971,167.257968644597,21395700,0.01716975361687867,0.3313951387855174
2024-11-26 00:00:00,169.8765106201172,170.74769776726552,168.69169366922776,168.75144497799127,14937500,0.007023640439974166,0.3407463795238763
2024-11-27 00:00:00,170.0756378173828,170.39423547744005,168.93063997056893,169.9362333002551,12433400,0.001172187941338887,0.342317986262348
2024-11-29 00:00:00,169.7470703125,170.12540407605727,168.01464714823365,169.3189362005132,9250700,-0.0019318904759046962,0.3397247749290522
2024-12-02 00:00:00,172.22621154785156,172.84352014313558,169.52802925415844,169.57781441072444,16593400,0.014604913244084416,0.3592913390378416
2024-12-03 00:00:00,172.2660369873047,173.56037503069683,171.7582496853769,172.36559210307576,15721500,0.00023123913076417146,0.359605660385536
2024-12-04 00:00:00,175.3226776123047,175.6611924034742,171.9972354330077,172.0271034915051,18239800,0.01774372173677663,0.38373012489516345
2024-12-05 00:00:00,173.55043029785156,176.93562368996317,173.25173452909203,176.54732374826511,16145500,-0.010108488751079503,0.36974270449313096
2024-12-06 00:00:00,175.72091674804688,176.06839494190407,172.7937259260974,173.12228971144847,13319500,0.012506373199249854,0.38687321794247187
2024-12-09 00:00:00,176.52830505371094,177.46525783971273,174.8337806994744,175.14776627345978,19887800,0.0045947194028228555,0.39324551122620743
2024-12-10 00:00:00,185.92787170410156,187.4230296378457,182.08033134621863,183.9393165192724,34317400,0.053246796016823916,0.4674313707638249
2024-12-11 00:00:00,196.07501220703125,196.25442385309114,185.65873341528825,186.0973154961447,41664500,0.054575682547899795,0.5475174394154609
2024-12-12 00:00:00,193.0049591064453,196.07002983557697,192.65608283731066,195.66633840932482,25197800,-0.01565754384523177,0.5232871172565525
2024-12-13 00:00:00,190.76222229003906,193.7126587699419,190.6425993125333,192.08793082002458,18883200,-0.011620099435731834,0.5055863694848621
2024-12-16 00:00:00,197.5203399658203,199.99233022704658,193.48341038940663,193.73759211233372,32248600,0.03542691836282996,0.5589246548847919
2024-12-17 00:00:00,196.4836883544922,202.2251047087036,196.0550837025253,197.88914050032798,24129500,-0.005248328407633895,0.5507429063331992
2024-12-18 00:00:00,189.5361785888672,198.04861948645635,188.6689918668289,196.19462306691972,27638400,-0.03535921899577965,0.4959098483020119
2024-12-19 00:00:00,189.08763122558594,193.97182278625914,188.90821957957144,192.65607654402254,26981200,-0.0023665527427046973,0.4923696987476738
2024-12-20 00:00:00,192.33712768554688,193.50832259279161,185.76838878723544,186.40632224516705,45319700,0.017185134949859293,0.5180162734157334
2024-12-23 00:00:00,195.35733032226562,195.85571627268868,191.0114042261952,193.40365070441305,15235900,0.015702650201039114,0.5418531519566656
2024-12-24 00:00:00,196.93223571777344,197.03190378414646,194.56788347394306,195.53674590275864,6809800,0.008061665220904679,0.5542830558875369
2024-12-26 00:00:00,196.4637451171875,197.52032088445068,195.23770474465502,196.1049066292932,7907900,-0.0023789431876319878,0.5505855048000814
2024-12-27 00:00:00,193.4136199951172,196.1647202757909,191.3523024429326,195.83578371138285,14693000,-0.015525129688691242,0.5265124637446554
2024-12-30 00:00:00,192.0679931640625,193.15447096011988,189.74551265085918,190.24888736231753,12209500,-0.006957249603666282,0.5158921355112762
2024-12-31 00:00:00,189.82525634765625,192.6261831490538,188.96803184531277,191.82378901400236,14355200,-0.011676785806214562,0.4981913877395858
2025-01-02 00:00:00,190.0146484375,192.57634453093496,188.10084805074,190.86688422631914,17545200,0.0009977180776032935,0.4996861603708431
2025-01-03 00:00:00,192.50656127929688,193.87213391074388,190.7323085199097,192.10286987789056,12875000,0.0131143196710779,0.5193535240842377
2025-01-06 00:00:00,197.3209686279297,198.9157945148251,194.43032104184667,194.52002686101858,19483300,0.02500905588172575,0.5573511212721574
2025-01-07 00:00:00,196.07501220703125,201.48747646329343,195.30749356553247,197.62997397768044,16966800,-0.00631436400075569,0.5475174394154598
2025-01-08 00:00:00,194.75927734375,197.00201430773126,193.124571898385,193.32392325327666,14335300,-0.006710364816359116,0.5371330328373041
2025-01-10 00:00:00,192.5464324951172,196.98206455558247,190.98150846908007,194.78916934463103,20753800,-0.011361948343683537,0.5196682067208369
2025-01-13 00:00:00,191.6692657470703,191.86863229863644,188.05099402103852,190.73231291855885,13169100,-0.004555611530580372,0.5127451887156431
2025-01-14 00:00:00,190.43328857421875,192.6461235720949,189.02783644133166,191.87860489385017,13651200,-0.006448489109790678,0.502990267840322
2025-01-15 00:00:00,196.34413146972656,197.16149175688608,192.7059199913067,193.72263162353136,12894900,0.031038916251263204,0.5496414568902814
2025-01-16 00:00:00,193.78244018554688,196.3441362110355,193.6727946616834,195.19286581523593,13449600,-0.01304694601771006,0.5294233684554284
2025-01-17 00:00:00,196.9123077392578,198.16823495893416,194.67953302807754,197.4106937293802,22109100,0.016151450826576985,0.554125774784054
2025-01-21 00:00:00,198.98558044433594,203.18198165088893,198.79619134868744,199.8627293790569,19005200,0.01052891375293541,0.5704890310279693
2025-01-22 00:00:00,199.38429260253906,201.4675423346555,198.55697005615318,199.90261827692612,15477400,0.0020037238744274877,0.5736358573939666
2025-01-23 00:00:00,198.9357452392578,201.28812762165109,196.18466016542135,199.33444793070097,15170800,-0.0022496624855770087,0.5700957078396285
2025-01-24 00:00:00,201.2482452392578,201.91609581228664,199.1390785263405,199.20487496402947,12732400,0.011624356383106438,0.5883470599031422
2025-01-27 00:00:00,193.14450073242188,198.0286770954344,192.077947468968,193.56314311700586,24970200,-0.04026740455402056,0.5243884462698332
2025-01-28 00:00:00,196.43385314941406,196.59332510027124,191.98824361312455,194.0216516747315,15939200,0.01703052587321241,0.5503495831448577
2025-01-29 00:00:00,196.54347229003906,197.81935429110533,194.55990597999036,196.73286138104575,12287800,0.000558046074378149,0.5512147496436455
2025-01-30 00:00:00,201.97589111328125,202.58193012039442,198.82808076772176,199.11514547234088,14571500,0.02763978248652066,0.5940899879136785
2025-01-31 00:00:00,204.9363250732422,206.4115433442633,202.9228414159413,203.05740015774455,17060300,0.014657363032999582,0.6174551435737992
2025-02-03 00:00:00,201.98587036132812,204.55754385594432,201.00903809438392,201.56223923433402,16719500,-0.014396933832299341,0.5941687488950549
2025-02-04 00:00:00,207.0395050048828,208.02629948497267,203.6006296665919,203.83986040606993,28285400,0.025019743383605686,0.6340544419025729
2025-02-05 00:00:00,192.67601013183594,193.92197499920485,189.29695401991273,192.47665879496333,43666400,-0.06937562409989406,0.5206908951823779
2025-02-06 00:00:00,192.68597412109375,193.2042997692843,189.87508526379926,190.37347121526227,20816600,5.17136993389844e-05,0.5207695357341189
2025-02-07 00:00:00,186.53590393066406,192.39193919392628,184.50249582506203,192.11783298882085,29565700,-0.03191758102001063,0.4722302508645613
2025-02-10 00:00:00,187.5924835205078,189.37671388134663,187.00439170282652,188.44970803135288,16606000,0.005664215668831796,0.48056928051963643
2025-02-11 00:00:00,186.4661407470703,188.1905520059208,185.47933101594776,186.2318987244594,13028100,-0.006004199914088626,0.4716796465727382
2025-02-12 00:00:00,184.83140563964844,186.22689542176803,183.03722839190226,184.6320543020691,17632300,-0.008766927340654762,0.45877753804251453
2025-02-13 00:00:00,187.27352905273438,187.38317458159915,184.28321303955016,185.32981147653763,12729300,0.013212708114372917,0.47805193985647376
2025-02-14 00:00:00,186.2667694091797,187.5426362882782,185.50922820269398,186.2269052233785,12714200,-0.005375877993259781,0.4701061129601045
2025-02-18 00:00:00,185.20021057128906,187.17381455216918,182.98737587382027,186.83491577748364,19796000,-0.005725974854632665,0.4616883223236532
2025-02-19 00:00:00,186.52593994140625,186.7551932313241,184.90119679523852,185.58398314772262,13120500,0.0071583577903486795,0.4721516103128205
2025-02-20 00:00:00,186.03750610351562,186.5159523550358,184.00409812740568,185.89795864642505,12063800,-0.00261858397842174,0.4682966576922476
2025-02-21 00:00:00,180.99383544921875,186.8648210730536,180.5452911558963,186.68539423000573,19520800,-0.027111042068530322,0.4284896052364706
2025-02-24 00:00:00,180.6051025390625,184.49250685544612,180.2961056843669,183.20667779988295,18734000,-0.002147768785558002,0.4254215398518497
2025-02-25 00:00:00,176.7974395751953,180.17649594747144,176.19938551849802,179.57345316387003,20832500,-0.02108280945741081,0.39536964913066397
2025-02-26 00:00:00,174.13604736328125,177.50514124217776,173.0296299492345,176.37381061451893,23637200,-0.01505334137365788,0.3743646734598589
2025-02-27 00:00:00,169.6605682373047,176.01996323327316,169.20403887557038,175.372067519282,25930500,-0.025701049229857942,0.33904205932748943
2025-02-28 00:00:00,171.6640625,171.94315742282225,167.84642419410588,169.75026222513335,30049800,0.011808838574046465,0.3548545908499465
2025-03-03 00:00:00,168.1155548095703,174.43508509945715,167.0988431977501,173.16918050892346,24122000,-0.020671232165612397,0.3268480770518414
2025-03-04 00:00:00,172.05279541015625,174.59954027178784,166.99915466050498,167.3978725396029,30711400,0.02341984717027379,0.3579226562345672
2025-03-05 00:00:00,174.4251251220703,175.18266631177056,170.37821831917367,171.76374589997425,18848000,0.013788382259402931,0.3766462128974333
2025-03-06 00:00:00,173.64764404296875,176.15949834739462,171.95112715118205,171.99299899435542,19082400,-0.004457391551575207,0.3705099616985563
2025-03-07 00:00:00,175.1826629638672,176.32894457512367,171.6939612832212,172.68276339705244,16395300,0.008839848817750795,0.38262506256319306
2025-03-10 00:00:00,167.4588623046875,170.09333760834892,165.21856474391475,169.80395112078375,28990700,-0.04408998315531243,0.3216651468446692
2025-03-11 00:00:00,165.63267517089844,168.30208065925785,162.89841848850494,166.33120734425228,23705900,-0.010905288072878161,0.3072520076824452
2025-03-12 00:00:00,168.64637756347656,169.1752673518877,165.13373869034936,168.11748777506543,19880100,0.018195095801408767,0.33103758319881127
2025-03-13 00:00:00,164.3852996826172,167.76820552881753,163.72669229913674,167.62849908664165,15206200,-0.025266346911338555,0.29740712586968043
2025-03-14 00:00:00,167.2692413330078,167.89792789698524,164.16574856488666,164.9690719773977,18611100,0.017543792881472564,0.3201685677688848
2025-03-17 00:00:00,166.22146606445312,168.1075107039109,165.46304658969382,166.97487590206185,17839100,-0.006264004429055392,0.3118990260132808
2025-03-18 00:00:00,162.32962036132812,166.0917361122214,158.4677229909182,165.61274474870302,24616800,-0.023413616756429723,0.28118272499507246
2025-03-19 00:00:00,165.93206787109375,167.78118741272533,162.70883071557313,163.57201100984685,24955700,0.022192176028915434,0.30961495755336865
2025-03-20 00:00:00,164.70465087890625,166.68050364483307,162.7986437263556,163.48220798963953,19981500,-0.00739710538134819,0.29992759770335664
2025-03-21 00:00:00,165.90211486816406,166.1216557270406,162.68885163572668,163.0381253367192,29882100,0.007270371436798095,0.3093785541796046
2025-03-24 00:00:00,169.5744171142578,170.14323170803982,167.0896371412489,168.91081531503914,18742800,0.022135355230474163,0.33836211360753476
2025-03-25 00:00:00,172.42843627929688,172.54819553776656,170.19313314600385,170.82180453881222,13841600,0.016830481941837006,0.36088739299224515
2025-03-26 00:00:00,166.79025268554688,171.58021155127406,166.5118295600408,170.94155138430105,22498000,-0.03269868773047013,0.31638816109245815
2025-03-27 00:00:00,163.73666381835938,167.08963361496558,163.50714935773365,166.36116540619523,21571200,-0.018307957557594734,0.2922877825098573
2025-03-28 00:00:00,155.7334442138672,163.46722744812823,155.01395983965068,162.02026459805788,34866500,-0.04887860432633784,0.22912255931279746
2025-03-31 00:00:00,155.90309143066406,156.80121735692813,151.89151406467764,154.4860645445433,33591600,0.0010893435103374038,0.23046149599619414
2025-04-01 00:00:00,158.5475616455078,159.74504769962883,154.93014665745514,154.97505067146278,20111400,0.01696226925698796,0.2513329152016377
2025-04-02 00:00:00,158.527587890625,159.93962031962053,156.20246156153843,156.63156970946335,17113300,-0.0001259795778346673,0.25117527280925
2025-04-03 00:00:00,152.31063842773438,154.36332590944218,151.8615678363665,152.51521130834698,28416100,-0.0392168299891118,0.20210814484890904
2025-04-04 00:00:00,147.4308624267578,152.7696585204793,147.23126874135036,149.58633109667096,39832200,-0.032038313615839975,0.163594627104084
2025-04-07 00:00:00,148.92771911621094,154.60579993715052,142.3614860124179,143.08995421575065,47823000,0.010152939925972104,0.17540853345125562
2025-04-08 00:00:00,146.27328491210938,154.11683856421288,144.90615649348965,153.25364308480528,35304400,-0.017823641024343195,0.15445847369407084
2025-04-09 00:00:00,160.7229766845703,161.53127930904452,145.50488757744728,146.02380373183385,46479500,0.0987855833082798,0.26850232742312596
2025-04-10 00:00:00,155.0448760986328,159.6951284840176,151.88151129987415,158.42778175519828,35270500,-0.03532849318166342,0.2236880515978339
2025-04-11 00:00:00,159.0664520263672,159.52549618373823,155.2594476417932,155.2594476417932,22582000,0.025938141452517494,0.25542824537393405
2025-04-14 00:00:00,161.1321258544922,163.686766627887,159.5853661782517,161.9703645032261,18255900,0.012986231866054299,0.2717315276595538
2025-04-15 00:00:00,158.34796142578125,161.71092019595181,157.3151386924203,161.2319288394032,15690800,-0.017278766812926727,0.24975757514447716
2025-04-16 00:00:00,155.17462158203125,157.84900646503428,153.58795225695732,155.1446855741514,16921500,-0.02004029489976966,0.22471206478536088
2025-04-17 00:00:00,153.03909301757812,156.74133649905758,150.5842338964966,156.2822923546128,19513400,-0.013762099386362636,0.20785745563010738
2025-04-21 00:00:00,149.5464324951172,150.74391856133738,148.08948070952727,150.64911612185406,16147800,-0.02282201530075567,0.1802917142965852
2025-04-22 00:00:00,153.5779571533203,154.28647817349793,150.55429866627406,150.75389234645476,15910300,0.026958347256694104,0.21211042819479142
2025-04-23 00:00:00,157.38998413085938,159.68517460141064,156.0228556241092,157.57958900662848,18575700,0.02482144604732195,0.24219676179162475
2025-04-24 00:00:00,161.1321258544922,161.3716291370705,157.7591936190999,158.19328094694924,30787500,0.023776238013477835,0.2717315276595538
2025-04-25 00:00:00,163.5071563720703,167.8879698596393,162.65892887309212,166.75035587414118,35148100,0.014739646144325436,0.29047640036783795
2025-04-28 00:00:00,162.08013916015625,164.60484399235878,160.04441449921725,163.91628536051073,20871200,-0.008727552014095363,0.2792137004606652
2025-04-29 00:00:00,161.7209014892578,162.33959932204192,159.0564900529909,161.70593348449245,15955200,-0.002216420054671042,0.2763784255607542
2025-04-30 00:00:00,160.5533447265625,161.03632552341878,156.82615942714932,159.5255011706688,20639500,-0.007219578619359068,0.26716351116936465
2025-05-01 00:00:00,162.44935607910156,163.59695884625,160.59324751027046,162.17993201602457,21904300,0.0118092298591983,0.28212773634195254
2025-05-02 00:00:00,165.46304321289062,166.3511802953172,163.31754813877285,164.60983654805946,16844900,0.01855154865816533,0.3059131914286837
2025-05-05 00:00:00,165.70254516601562,166.75035109742606,164.12584947218224,164.1707534829321,15309300,0.0014474649352171909,0.30780345498171435
2025-05-06 00:00:00,164.8543243408203,166.39111049603875,162.7886636287067,163.61692872306404,10691900,-0.005118936612262037,0.30110889199436564
2025-05-07 00:00:00,152.4802703857422,166.64058037151528,149.1771989680043,165.7225072906682,78729800,-0.07506053604936669,0.20344696110267102
2025-05-08 00:00:00,155.42410278320312,157.08063299058793,153.7775613966295,155.59374524152167,38387500,0.019306316745200336,0.22668108931976794
2025-05-09 00:00:00,154.0569610595703,156.10265920444155,153.5081089022484,155.22451097958617,22871000,-0.008796201484526533,0.21589095530085278
2025-05-12 00:00:00,159.24609375,160.10429487952555,157.55962750025756,158.7671023741996,31884900,0.033683208176637836,0.2568460634683425
2025-05-13 00:00:00,160.5533447265625,161.72089473004775,157.25027318025747,159.58537318722793,24944300,0.008208998699928971,0.2671635111693649
2025-05-14 00:00:00,166.46095275878906,167.98775006260223,160.59325160571225,160.97246133997137,31769200,0.03679529717856567,0.3137891691366763
2025-05-15 00:00:00,165.05389404296875,167.15947947237044,163.49716078272107,166.79025857078503,22717600,-0.00845278542805905,0.3026839911922561
2025-05-16 00:00:00,167.0796356201172,170.29289879987024,166.6006443117216,168.57649678235524,36271400,0.012273212873251449,0.31867210912273536
2025-05-19 00:00:00,167.51873779296875,167.59857222526293,165.06887289763344,165.36824821202137,21374700,0.002628101092163826,0.3221377127329268
2025-05-20 00:00:00,164.9740753173828,169.32493740245837,163.91628057612473,167.4089568284216,33563300,-0.015190315478205263,0.30205402377088086
2025-05-21 00:00:00,169.70416259765625,174.1648107504269,164.5449821761113,164.60485419531173,45567600,0.028671700515208398,0.3393861267950615
2025-05-22 00:00:00,171.62013244628906,177.75727288119202,171.52035082957954,172.98727611426764,45024100,0.011290058059302277,0.35450787393040173
2025-05-23 00:00:00,169.23513793945312,170.84676411617667,168.90582662036127,169.92369658602146,24963600,-0.013896938971203476,0.3356843606703763
2025-05-27 00:00:00,173.61595153808594,173.92530044273832,170.8517585839039,170.94156660908797,24341300,0.0258859575616035,0.37025982934638724
2025-05-28 00:00:00,173.0172119140625,176.1107161118287,172.65297018501624,173.61594729418155,25999200,-0.003448644083214325,0.3655342908934456
2025-05-29 00:00:00,172.5980987548828,175.0329804174553,171.42055991285764,174.63382348309548,21174700,-0.002422378412778148,0.362226450105277
2025-05-30 00:00:00,172.48831176757812,173.0770735186819,168.17234979116824,172.04923004578563,36258300,-0.0006360845692778838,0.36135995888050276
2025-06-02 00:00:00,170.01348876953125,170.70404207052295,168.29708672339368,168.65633401739595,24742900,-0.014347772163145867,0.3418274763584557
2025-06-03 00:00:00,167.35906982421875,169.4446927986556,166.33121111323524,168.51165174308437,25386700,-0.015612990266382964,0.3208775370309058
2025-06-04 00:00:00,169.03555297851562,169.22515784223899,167.44388927750356,167.92787503026992,18508700,0.01001728293577231,0.3341091410428505
2025-06-05 00:00:00,169.4546661376953,171.999333247985,168.9956372255751,171.26087623375113,25375400,0.0024794379158386004,0.3374169818310191
2025-06-06 00:00:00,174.55398559570312,175.4620851142868,171.93947270561807,171.93947270561807,22258100,0.03009252901813997,0.37766324116612227
2025-06-09 00:00:00,177.47137451171875,177.75610840952234,175.5031325772629,175.71293650196031,18817600,0.01671339045086495,0.4006886648255359
2025-06-10 00:00:00,179.8492431640625,182.2820814822952,176.3174115528641,177.6012524442818,32908000,0.013398603909424933,0.41945593744595455
2025-06-11 00:00:00,178.63034057617188,181.587704115862,177.84105272420047,181.06816418757248,18994400,-0.0067773573379940055,0.409835777332346
2025-06-12 00:00:00,176.8119659423828,177.97093371422645,175.95273331776258,177.32150502104858,17345900,-0.010179539645526647,0.39548429814330954
2025-06-13 00:00:00,175.7229461669922,178.18374417661255,173.41501140826213,173.4249969901244,20873200,-0.006159197255605986,0.3868892350839441
2025-06-16 00:00:00,177.78109741210938,178.08581772153445,175.66299550545116,175.74791106095938,18132500,0.011712478592074582,0.4031331455594436
2025-06-17 00:00:00,177.0717315673828,178.5554060908411,175.78289022905207,176.84194122313968,17656100,-0.0039901083695202955,0.3975344922517956
2025-06-18 00:00:00,173.8246307373047,177.66520741745524,172.68564937270733,177.12168687013792,32531800,-0.01833777080811161,0.37190682503645145
2025-06-20 00:00:00,167.58021545410156,175.2084072749372,166.1215277486504,174.70885376714864,55402600,-0.0359236505017525,0.32262292373287305
2025-06-23 00:00:00,165.86175537109375,168.32955099660168,163.18415580302408,167.17059840849774,36975600,-0.01025455229515726,0.3090600177946805
2025-06-24 00:00:00,167.5902099609375,169.09885600930554,166.7609493398623,167.5352511496685,27310300,0.010421055691690828,0.3227018051438846
2025-06-25 00:00:00,171.3368682861328,173.2051935344053,168.41048297188135,168.49939276403427,23627400,0.02235606916459254,0.3522722181838127
2025-06-26 00:00:00,174.27423095703125,174.4940357220232,170.70742680723183,173.23016594590123,25909100,0.017143786391572435,0.3754552842356138
2025-06-27 00:00:00,178.11080932617188,178.68029238922279,172.55577684017305,174.47406045255778,74053100,0.02201460507426689,0.4057353891153743
2025-06-30 00:00:00,177.23159790039062,181.41785885338717,175.34328619730314,180.6235705829387,43964600,-0.004936317055138195,0.3987962335390727
2025-07-01 00:00:00,176.7520294189453,177.06175016091657,174.50403858767385,176.64711220363492,25778500,-0.002705885898037441,0.3950112505365113
2025-07-02 00:00:00,179.59947204589844,179.77431882306013,175.93275111969743,176.38734664225254,19325900,0.0161098157475974,0.41748462474848
2025-07-03 00:00:00,180.38877868652344,180.60858345440707,178.03088546799643,179.65943481772604,13287400,0.004394816040568683,0.4237142089145842
2025-07-07 00:00:00,177.4014434814453,180.1789598314395,176.48226683459202,179.9741410589373,20991400,-0.016560537893931082,0.40013673580772613
2025-07-08 00:00:00,175.0035858154297,178.63033385947716,173.76468764691197,178.62034827773374,24108600,-0.013516562317411052,0.3812117003652844
2025-07-09 00:00:00,177.50135803222656,180.11901356387378,173.72473469070374,175.95273909172283,31288000,0.014272691643194113,0.4009253090585698
2025-07-10 00:00:00,178.54042053222656,179.4296251657738,175.5830723051054,176.512234511381,24693700,0.0058538284524636275,0.40912608549251317
2025-07-11 00:00:00,181.14808654785156,182.44692868840252,177.38245509455163,177.75112886809936,23975700,0.014605465853903432,0.42970702841801867
2025-07-14 00:00:00,182.64674377441406,184.5650273381907,180.5496192082718,181.9074143693571,20990400,0.008273105474766451,0.4415351454621359
2025-07-15 00:00:00,182.93649291992188,185.24442758915293,182.22712026096616,183.77573911870363,23911600,0.0015863909726510084,0.4438219838036561
2025-07-16 00:00:00,183.60589599609375,185.16950087616138,182.91650973311008,184.1554078901505,21152600,0.003659210174455918,0.44910523189689355
2025-07-17 00:00:00,184.53506469726562,185.02162933119868,181.33792526233427,182.95148859796868,21654400,0.0050606691911008195,0.45643867409861727
2025-07-18 00:00:00,185.77395629882812,187.19268639627012,184.56503013215195,186.45334173485833,21033400,0.0067135836952989525,0.46621659703424867
2025-07-21 00:00:00,190.9792938232422,191.08919620124823,186.88296433744753,186.9329227356617,24665000,0.028019737686163948,0.5072996014742484
2025-07-22 00:00:00,191.93844604492188,193.18732979274287,188.32666875796485,192.2481667751554,26212900,0.005022283842809783,0.514869687909006
2025-07-23 00:00:00,191.33897399902344,193.18732802696937,190.010159874068,192.1882210378446,34068100,-0.0031232515332448862,0.5101383688335781
2025-07-24 00:00:00,193.0274658203125,198.79231737351353,191.77858209315576,197.9330847594232,45252100,0.008824609989273258,0.5234647509683716
2025-07-25 00:00:00,193.9066925048828,195.10061746773786,191.95843686256575,192.75771028339912,31101800,0.004554930464604423,0.5304040269743084
2025-07-28 00:00:00,193.2472686767578,194.6460275845246,191.68366382649796,194.23639006720387,25553500,-0.0034007275334676512,0.5251995398624472
2025-07-29 00:00:00,196.25457763671875,196.4843832196581,192.817662416167,193.1273831421187,31891600,0.015561973944331564,0.548934655361693
2025-07-30 00:00:00,197.26368713378906,198.30275169861974,195.3853611085289,196.12470577159496,21150500,0.0051418392845759,0.5568990284218727
2025-07-31 00:00:00,192.68777465820312,196.65423062723093,191.90847242579005,196.4244402882278,27852000,-0.02319693270501655,0.5207837464310647
2025-08-01 00:00:00,189.78036499023438,191.44687467641603,188.5314812837375,189.6105186355703,21236700,-0.015088708524067074,0.4978370837530277
2025-08-04 00:00:00,195.5751953125,195.9049024520249,190.74950667153828,191.00428383507187,23386000,0.03053440392826623,0.5435726462870789
2025-08-05 00:00:00,195.1455841064453,198.5225553573162,194.5011558308944,195.37037403152394,19010200,-0.0021966548741941816,0.5401819499099396
2025-08-06 00:00:00,196.74415588378906,197.20375182865104,194.2933433951165,195.0756489615275,15383700,0.008191688193527336,0.5527986402049008
2025-08-07 00:00:00,197.10382080078125,198.19284373359994,195.04566289247066,197.53344472313984,14660600,0.0018280843737215058,0.5556372871345954
2025-08-08 00:00:00,201.90953063964844,203.24833036524188,197.72326985656238,197.80320024624658,24379900,0.024381616852189092,0.5935662394304899
2025-08-11 00:00:00,201.449951171875,201.97947666721265,199.6215835153614,201.37500595004394,16690200,-0.002276165301942412,0.5899390192499514
2025-08-12 00:00:00,203.97769165039062,204.9468266736469,201.2201465346662,201.91453322711988,19854000,0.012547734381722409,0.609889151746636
2025-08-13 00:00:00,202.84869384765625,205.24654455972473,198.46261470892654,204.79694945685728,19573000,-0.005534908222559087,0.600978563043225
2025-08-14 00:00:00,203.63800048828125,205.2365625759638,202.14432512407217,202.37911588398708,17777100,0.003891110293358757,0.6072081472093291
2025-08-15 00:00:00,204.72702026367188,207.14485738883576,201.9045460206804,204.53718749330082,21111400,0.005347821982043532,0.6158032102686946
2025-08-18 00:00:00,204.10755920410156,205.95591322393057,203.22835542424343,204.88687667774633,13000200,-0.003025790434367126,0.6109141283712438
2025-08-19 00:00:00,202.30918884277344,204.10756930819693,200.75056906348905,203.72291858829,13476600,-0.008810895433470023,0.5967205324338654
2025-08-20 00:00:00,200.01123046875,201.9894580373513,197.28367265876727,201.49989012472352,13971700,-0.011358645581883708,0.5785839498126324
2025-08-21 00:00:00,200.4408416748047,203.17840034597594,200.22103691495778,200.54075847297617,11768900,0.0021479354186655364,0.5819746461897719
2025-08-22 00:00:00,206.535400390625,209.0431534739571,201.94950291655513,203.7778705571345,25723700,0.030405772919813057,0.6300758080467197
2025-08-25 00:00:00,208.9732208251953,210.90148999026277,205.7660806926536,206.8151460768586,22788800,0.01180340237053601,0.6493162487035717
2025-08-26 00:00:00,207.76429748535156,208.2738518119723,206.26563698618554,208.18392059569848,23051000,-0.005785063440520988,0.6397748495713396
2025-08-27 00:00:00,208.02407836914062,209.3828645197921,206.20569628356685,206.2756410923181,15249000,0.0012503634499925198,0.6418251641094606
2025-08-28 00:00:00,212.1803436279297,212.70986910562976,207.4146143286289,207.6543902459798,20915700,0.019979731631901476,0.6746283902748702
2025-08-29 00:00:00,213.3393096923828,215.14769086553312,210.78159829310974,211.08133343259135,24682200,0.0054621745098379915,0.6837755027816805
2025-09-02 00:00:00,211.8007049560547,212.17936432543956,206.77519781054198,208.80338386353435,28900100,-0.007212007663035314,0.6716321009527879
2025-09-03 00:00:00,230.8936309814453,231.59300282388122,224.91896021781164,226.27774633104264,72250300,0.09014571518707704,0.8223225722228531
2025-09-04 00:00:00,232.45223999023438,232.56214237085004,226.55749949973745,229.94947205835598,32196000,0.006750333485440851,0.8346238573034037
2025-09-05 00:00:00,234.95999145507812,235.9191408833356,232.17248963182874,232.4522383723282,26127700,0.010788243920338614,0.8544162269780653
2025-09-08 00:00:00,234.16000366210938,238.39999389648438,233.72999572753906,235.7899932861328,23128800,-0.003404783035675707,0.8481023420673686
2025-09-09 00:00:00,239.94000244140625,240.58999633789062,233.3800048828125,234.19000244140625,22854800,0.024683971168865115,0.8937208469960716
2025-09-10 00:00:00,239.55999755859375,242.0800018310547,238.11000061035156,239.25,19990100,-0.0015837495996745554,0.8907216673627463
2025-09-11 00:00:00,240.77999877929688,242.57000732421875,236.5800018310547,240.13999938964844,21308600,0.005092675042312589,0.9003504984100841
2025-09-12 00:00:00,241.3800048828125,242.42300415039062,238.5,240.8000030517578,14536600,0.002491926682272272,0.9050860325227417
2025-09-15 00:00:00,251.75999450683594,252.75,244.97999572753906,245.13999938964844,29935200,0.043002690421946266,0.9870098574064909
2025-09-16 00:00:00,251.4199981689453,253.22999572753906,249.71499633789062,252.3300018310547,24493500,-0.0013504780160034091,0.9843264442764814
2025-09-17 00:00:00,249.85000610351562,251.9499969482422,246.5800018310547,251.4600067138672,20491300,-0.006244499550010718,0.9719353186881226
2025-09-18 00:00:00,252.3300018310547,254.13999938964844,250.11000061035156,251.86000061035156,21166400,0.009925938230762155,0.9915086268564792
2025-09-19 00:00:00,255.24000549316406,256.70001220703125,252.0679931640625,253.39999389648438,41616800,0.011532531371587496,1.0144757625724887
2025-09-22 00:00:00,252.8800048828125,256.30999755859375,250.80999755859375,254.77999877929688,20079000,-0.009246201847518676,0.9958495130548093
2025-09-23 00:00:00,252.33999633789062,254.77000427246094,251.08999633789062,253.65499877929688,17521100,-0.0021354339390025068,0.9915875082674903
2025-09-24 00:00:00,247.8300018310547,252.9600067138672,247.22000122070312,252.14999389648438,16958500,-0.01787268991157831,0.9559924823004526
2025-09-25 00:00:00,246.57000732421875,247.31500244140625,241.64999389648438,244.83999633789062,17379800,-0.0050841080479629985,0.9460480051794338
2025-09-26 00:00:00,247.17999267578125,250.1199951171875,246.63999938964844,247.78500366210938,16594600,0.0024738830086517005,0.9508623002734677
2025-09-29 00:00:00,244.36000061035156,251.6479949951172,243.1999969482422,248.27499389648438,23157200,-0.011408658261142457,0.9286055789751015
2025-09-30 00:00:00,243.5500030517578,243.6750030517578,239.5709991455078,243.05999755859375,22541200,-0.0033147714706603937,0.9222126922237583
2025-10-01 00:00:00,245.5399932861328,247.14999389648438,239.1999969482422,241.17999267578125,23967700,0.008170766616463876,0.9379186435191234
2025-10-02 00:00:00,246.42999267578125,247.63499450683594,243.10499572753906,245.63999938964844,20657500,0.003624661619222591,0.9449429428474629
2025-10-03 00:00:00,246.4499969482422,247.1179962158203,242.47000122070312,245.22999572753906,19941400,8.117628963799639e-05,0.9451008260991209
2025-10-06 00:00:00,251.50999450683594,252.1999969482422,245.69000244140625,245.77999877929688,18309000,0.020531538329279897,0.9850367382644891
2025-10-07 00:00:00,247.1300048828125,251.5500030517578,246.80999755859375,248.92999267578125,13811200,-0.017414773645921255,0.9504677727887751
2025-10-08 00:00:00,245.4600067138672,247.25999450683594,245.08999633789062,246.1999969482422,14136500,-0.006757569440979938,0.9372873513717614
2025-10-09 00:00:00,242.2100067138672,245.55499267578125,239.67999267578125,245.05999755859375,19375700,-0.013240446146440932,0.9116368025257424
2025-10-10 00:00:00,237.49000549316406,244.83999633789062,236.68499755859375,242.16000366210938,22449100,-0.019487226331978302,0.874384303490384
2025-10-13 00:00:00,244.63999938964844,244.99000549316406,240.75,241.02999877929688,12465000,0.030106504404835643,0.930815462779772
2025-10-14 00:00:00,246.19000244140625,248.02499389648438,241.17799377441406,241.7550048828125,17705400,0.006335852908865736,0.9430488255461082
2025-10-15 00:00:00,251.7100067138672,252.75999450683594,246.7899932861328,248.0850067138672,16048100,0.022421723943784944,0.9866153299217986
2025-10-16 00:00:00,251.8800048828125,257.5799865722656,250.6699981689453,252.46499633789062,18946000,0.0006753731056015067,0.9879570364868033
2025-10-17 00:00:00,253.7899932861328,254.8800048828125,248.58999633789062,251.35000610351562,17653800,0.007582929832834262,1.003031575205172
2025-10-20 00:00:00,257.0199890136719,257.8800048828125,254.60000610351562,255.22999572753906,13726800,0.01272704130575164,1.0285242407995328
2025-10-21 00:00:00,251.33999633789062,255.3800048828125,244.6699981689453,255.25,27836400,-0.022099419961764566,0.9836950316994844
2025-10-22 00:00:00,252.52999877929688,257.17999267578125,250.4510040283203,255.00999450683594,19650200,0.00473463220635395,0.9930870980841531
2025-10-23 00:00:00,253.72999572753906,255.86000061035156,252.76800537109375,253.6999969482422,13241300,0.0047518986023158405,1.0025580458798329
2025-10-24 00:00:00,260.510009765625,262.510009765625,256.1000061035156,257.29998779296875,18406000,0.02672137371320682,1.056069147806177
2025-10-27 00:00:00,269.92999267578125,270.79998779296875,264.94000244140625,265.3599853515625,22987700,0.036159773356237546,1.130416142195601
2025-10-28 00:00:00,268.42999267578125,271.3800048828125,267.1700134277344,270.20001220703125,20101200,-0.00555699640907148,1.1185774273435922
2025-10-29 00:00:00,275.1700134277344,275.9700012207031,268.42999267578125,268.6099853515625,26287900,0.02510904494973465,1.1717728831962555
2025-10-30 00:00:00,281.8999938964844,291.92999267578125,280.45001220703125,291.7200012207031,48570000,0.024457535851803325,1.2248890963490022
2025-10-31 00:00:00,281.82000732421875,286.2850036621094,277.52301025390625,283.2049865722656,29932800,-0.0002837409506826205,1.2242578042016405
2025-11-03 00:00:00,284.1199951171875,285.94000244140625,280.3699951171875,282.4200134277344,19691800,0.008161194142340511,1.242410403964346
2025-11-04 00:00:00,278.05999755859375,281.8340148925781,276.864990234375,277.06500244140625,18123700,-0.021329007682455603,1.194582015230972
2025-11-05 00:00:00,284.75,286.70001220703125,277.8800048828125,279.3800048828125,20063200,0.024059564483008833,1.247382702739673
2025-11-06 00:00:00,285.3399963378906,288.80999755859375,281.6199951171875,285.7349853515625,23103800,0.0020719801155071327,1.2520392350116842
2025-11-07 00:00:00,279.70001220703125,284.5,275.739990234375,284.2099914550781,21991100,-0.01976583795908049,1.2075257924149518
2025-11-10 00:00:00,290.5899963378906,291.4599914550781,283.5400085449219,285.2650146484375,19508200,0.03893451432100292,1.2934747369937152
2025-11-11 00:00:00,291.739990234375,292.3399963378906,287.8800048828125,288.20001220703125,14156700,0.003957444891348638,1.3025510368750681
2025-11-12 00:00:00,287.42999267578125,292.2699890136719,284.3800048828125,292.1700134277344,16938177,-0.014773420521236202,1.268534482135704
