Date,Open,High,Low,Close,Volume,Dividends,Stock Splits,Capital Gains,Daily_Return,Cumulative_Return
2023-11-13 05:00:00+00:00,176.3317389112,176.479687023,175.296056976,176.0358276367,5862500,0.0,0.0,0.0,,
2023-11-14 05:00:00+00:00,178.7286045633,180.0108768331,178.1762448288,179.557144165,8254200,0.0,0.0,0.0,0.020003408258273847,0.020003408258273847
2023-11-15 05:00:00+00:00,180.3561336039,180.6323135085,179.0935925968,179.7840423584,6573900,0.0,0.0,0.0,0.0012636545009396816,0.02129234015609316
2023-11-16 05:00:00+00:00,179.4289272561,180.8788790827,179.1034263306,180.6815948486,5776800,0.0,0.0,0.0,0.004992392419404634,0.026391032293084482
2023-11-17 05:00:00+00:00,180.2771883308,180.9972275832,179.5275444042,180.3067779541,6638900,0.0,0.0,0.0,-0.0020744608481793048,0.02426182428167012
2023-11-20 05:00:00+00:00,180.5336171753,183.3940574933,180.513885745,182.9206085205,5558100,0.0,0.0,0.0,0.014496574094765347,0.03911011170980894
2023-11-21 05:00:00+00:00,182.0920876261,182.3781256669,180.7802258139,181.4410858154,6675400,0.0,0.0,0.0,-0.008088332512485641,0.03070544360921401
2023-11-22 05:00:00+00:00,182.5852828293,183.8083758709,181.7567432128,182.2499237061,5606700,0.0,0.0,0.0,0.004457854113168791,0.0353001781104727
2023-11-24 05:00:00+00:00,181.9441422232,182.1019485322,181.204371532,181.894821167,2096900,0.0,0.0,0.0,-0.0019484372441912479,0.03328296068452441
2023-11-27 05:00:00+00:00,181.6383737371,182.9403774929,181.3128878488,181.8849639893,4210000,0.0,0.0,0.0,-5.419163468634025e-05,0.033226965391791374
2023-11-28 05:00:00+00:00,181.2734227212,182.7135163983,181.2734227212,182.2301940918,5506200,0.0,0.0,0.0,0.0018980683995424297,0.03518810084435664
2023-11-29 05:00:00+00:00,183.5617895746,184.3508663403,182.2597858199,182.3682861328,5382700,0.0,0.0,0.0,0.0007577890244161445,0.03597255502538266
2023-11-30 05:00:00+00:00,183.1277782551,183.3743684935,181.1057352901,182.6345977783,6872000,0.0,0.0,0.0,0.0014602958175857772,0.03748538141461988
2023-12-01 05:00:00+00:00,182.161139982,183.3743748334,181.283279305,183.0488739014,6996100,0.0,0.0,0.0,0.002268333208162998,0.039838743958266365
2023-12-04 05:00:00+00:00,181.224083419,181.224083419,178.8469650954,180.8196868896,9110900,0.0,0.0,0.0,-0.012178097380706854,0.02717548647411072
2023-12-05 05:00:00+00:00,179.8530307464,182.1118054832,179.8530307464,181.9046630859,5420700,0.0,0.0,0.0,0.006000321176103052,0.03333886929717522
2023-12-06 05:00:00+00:00,183.0390426062,183.3053492755,180.2279073579,180.3659973145,7365700,0.0,0.0,0.0,-0.008458638416946052,0.02459822943961454
2023-12-07 05:00:00+00:00,181.2240860704,182.8614487958,180.8394059169,182.5556793213,6964400,0.0,0.0,0.0,0.012140215114836206,0.03703707235129183
2023-12-08 05:00:00+00:00,182.1611151574,184.2620685911,181.9342563754,184.1141204834,6404400,0.0,0.0,0.0,0.008536799117364824,0.045890049515215026
2023-12-11 05:00:00+00:00,183.5716337026,185.7613561762,183.1474906754,185.7218933105,18897700,0.0,0.0,0.0,0.008732479740710453,0.05502326318361739
2023-12-12 05:00:00+00:00,185.041336731,187.0140588068,184.8835153528,186.954864502,7527700,0.0,0.0,0.0,0.006638803694719142,0.06202735552125538
2023-12-13 05:00:00+00:00,187.3987045908,189.0557836058,186.9548301647,188.60206604,14697500,0.0,0.0,0.0,0.008810690978208857,0.07138455036115743
2023-12-14 05:00:00+00:00,188.7500430369,189.4602241665,186.7477313953,188.1385040283,7713700,0.0,0.0,0.0,-0.0024578840594551288,0.06875121135327822
2023-12-15 05:00:00+00:00,187.9412210536,190.1704065784,187.9412210536,189.0854034424,9065600,0.0,0.0,0.0,0.005032991088084637,0.07413022667539892
2023-12-18 05:00:00+00:00,189.0478401552,190.0759121008,188.2471124349,189.6508483887,5069000,0.422,0.0,0.0,0.0029904209209477006,0.07734232817707132
2023-12-19 05:00:00+00:00,189.6113044862,190.3922572659,189.5025647986,190.3724822998,4501800,0.0,0.0,0.0,0.0038050655572126058,0.08144168636334514
2023-12-20 05:00:00+00:00,190.1550016255,190.827199629,187.4661794436,187.4958343506,6867400,0.0,0.0,0.0,-0.015110628986125363,0.06510042227057888
2023-12-21 05:00:00+00:00,189.4037055181,190.0264736049,188.0098646523,189.6014099121,5668000,0.0,0.0,0.0,0.011229985822313049,0.07706148491201703
2023-12-22 05:00:00+00:00,190.1451206707,190.4021348912,188.9094492733,189.8485565186,5107500,0.0,0.0,0.0,0.0013035061638759782,0.07846544119647336
2023-12-26 05:00:00+00:00,189.96716075,191.0347825609,189.96716075,190.6393737793,3103800,0.0,0.0,0.0,0.004165516321018359,0.08295780659343155
2023-12-27 05:00:00+00:00,190.7382257657,191.0249099646,189.8188935254,190.629486084,5882300,0.0,0.0,0.0,-5.1865966111730444e-05,0.08290163794053429
2023-12-28 05:00:00+00:00,191.3017112541,191.499415665,190.7678927524,190.8568725586,4807700,0.0,0.0,0.0,0.0011928190085965795,0.08419334359871011
2023-12-29 05:00:00+00:00,190.9556983181,191.3412271606,189.3246182347,190.2736053467,6095300,0.0,0.0,0.0,-0.0030560451089908236,0.08087999983380478
2024-01-02 05:00:00+00:00,187.6836550751,187.980219223,184.1150355281,185.2913970947,11772700,0.0,0.0,0.0,-0.026184442360893234,0.052577759779114164
2024-01-03 05:00:00+00:00,183.6009942012,184.6093062823,183.0770707368,183.4032897949,9095000,0.0,0.0,0.0,-0.010189935039644715,0.041852060782790135
2024-01-04 05:00:00+00:00,182.276347768,183.5416739972,181.8809389778,182.0588684082,6063600,0.0,0.0,0.0,-0.007330410420682498,0.034214857579618396
2024-01-05 05:00:00+00:00,182.2664592086,183.5812152454,181.3174570396,182.0094299316,8175300,0.0,0.0,0.0,-0.0002715521470184612,0.03393401431456433
2024-01-08 05:00:00+00:00,182.9288030627,186.7050071411,182.7409785903,186.5765075684,8217300,0.0,0.0,0.0,0.025092533054558164,0.05987803774498457
2024-01-09 05:00:00+00:00,185.1431069488,187.4068653563,184.7476981421,186.873046875,5316900,0.0,0.0,0.0,0.001589371086771374,0.06156257725368053
2024-01-10 05:00:00+00:00,186.9620188806,188.8698881651,186.5665950065,188.4645843506,4892700,0.0,0.0,0.0,0.008516677510291837,0.07060356338114437
2024-01-11 05:00:00+00:00,189.3938222661,190.3428245335,186.7643099198,189.4234771729,6648300,0.0,0.0,0.0,0.005087920500310927,0.07605070919897727
2024-01-12 05:00:00+00:00,189.7299025484,190.4713053116,189.0873595205,190.0363616943,4417300,0.0,0.0,0.0,0.0032355256621152684,0.07953229888232793
2024-01-16 05:00:00+00:00,189.7991163647,191.3115768666,188.7018396199,190.5108642578,5887800,0.0,0.0,0.0,0.0024969040623039618,0.08222778746479564
2024-01-17 05:00:00+00:00,189.0972686417,189.7991366694,187.5156182198,189.5717773438,7054500,0.0,0.0,0.0,-0.00492930898013888,0.0768931523134897
2024-01-18 05:00:00+00:00,192.1023888115,193.5950741875,191.3807610558,193.4171447754,9459400,0.0,0.0,0.0,0.020284493216657484,0.09873738415665767
2024-01-19 05:00:00+00:00,194.6825023561,197.9150229541,194.2574235519,197.8754730225,9166600,0.0,0.0,0.0,0.023050326031216484,0.12406363908415452
2024-01-22 05:00:00+00:00,198.8442365078,199.961288285,197.9940939776,198.7453918457,7484500,0.0,0.0,0.0,0.004396294345692331,0.12900535370485855
2024-01-23 05:00:00+00:00,198.9332238471,199.6746267184,197.776637178,199.5461120605,6631900,0.0,0.0,0.0,0.004028874367168589,0.13355397443479622
2024-01-24 05:00:00+00:00,200.9201507568,202.9367596552,200.3467974711,200.9201507568,8825600,0.0,0.0,0.0,0.0068858204357467034,0.14135942355698128
2024-01-25 05:00:00+00:00,202.7687493727,203.7869415007,200.831224872,201.7604522705,8535700,0.0,0.0,0.0,0.004182265992409562,0.14613289225923976
2024-01-26 05:00:00+00:00,200.346799677,201.2364920615,198.9826137377,199.4373474121,5276500,0.0,0.0,0.0,-0.011514173527354177,0.1329361192523586
2024-01-29 05:00:00+00:00,199.6844785294,201.3056786428,199.289069754,201.2661437988,3819800,0.0,0.0,0.0,0.00916977893273474,0.14332489301081308
2024-01-30 05:00:00+00:00,201.196968416,201.5034125244,198.9925347569,199.6054229736,6125800,0.0,0.0,0.0,-0.00825136703995355,0.13389089967266532
2024-01-31 05:00:00+00:00,197.7074147158,198.5180223564,195.3151568078,195.4140014648,8147600,0.0,0.0,0.0,-0.020998535241972704,0.11008085165533665
2024-02-01 05:00:00+00:00,196.1949629393,198.1522622087,196.0664482872,197.8754730225,7151700,0.0,0.0,0.0,0.012596188293822808,0.12406363908415452
2024-02-02 05:00:00+00:00,196.5310477585,200.5544007772,196.4717379492,199.9217376709,6436100,0.0,0.0,0.0,0.010341173755108679,0.13568777648772357
2024-02-05 05:00:00+00:00,200.7323235131,200.9498028628,198.4982352932,200.376449585,5043100,0.0,0.0,0.0,0.0022744495891111605,0.13827084108431453
2024-02-06 05:00:00+00:00,200.593949711,200.9399437351,198.1720367943,199.4571380615,6338600,0.0,0.0,0.0,-0.004587922010815038,0.1330485432382349
2024-02-07 05:00:00+00:00,200.8608405593,202.1459417089,200.0601279824,202.0965118408,5682900,0.0,0.0,0.0,0.013232786777910066,0.14804193301992807
2024-02-08 05:00:00+00:00,202.4425028104,203.2728854247,202.1953685393,202.7291870117,4974100,0.0,0.0,0.0,0.003130559578377934,0.15163594668972302
2024-02-09 05:00:00+00:00,203.5793204474,205.7244440143,203.3420661276,205.45753479,5806100,0.0,0.0,0.0,0.013458090660337652,0.16713476766797708
2024-02-12 05:00:00+00:00,205.4476709149,206.0803340667,203.5991113323,203.8956604004,5376600,0.0,0.0,0.0,-0.007601932882122853,0.158262287499773
2024-02-13 05:00:00+00:00,199.4769087547,201.7802021692,198.8739004781,200.4357910156,9729700,0.0,0.0,0.0,-0.01696882306374592,0.13860793968177965
2024-02-14 05:00:00+00:00,201.9284706683,202.6896333486,200.50497488,202.5314788818,5895800,0.0,0.0,0.0,0.0104556569242511,0.15051283367032076
2024-02-15 05:00:00+00:00,202.7983877746,202.9961072692,200.9794830612,202.1064147949,5398200,0.0,0.0,0.0,-0.002098755656389062,0.1480981883529069
2024-02-16 05:00:00+00:00,202.6500930879,203.0553968942,199.9810460981,200.2479553223,5545200,0.0,0.0,0.0,-0.009195450201251565,0.13754090863576063
2024-02-20 05:00:00+00:00,199.071615946,199.7833639002,196.2246241293,198.2115783691,8723800,0.0,0.0,0.0,-0.010169277134053245,0.12597293988452085
2024-02-21 05:00:00+00:00,196.2938206839,196.9660186768,194.8110150226,196.9660186768,7977200,0.0,0.0,0.0,-0.006283990584952659,0.11889733653137502
2024-02-22 05:00:00+00:00,202.0569944595,203.964879069,201.5923807761,203.4113006592,9275800,0.0,0.0,0.0,0.03272281191293214,0.15551080362457204
2024-02-23 05:00:00+00:00,205.0225968057,205.2796261158,202.2942397295,202.9367828369,6162000,0.0,0.0,0.0,-0.0023327997056320493,0.15281522836202188
2024-02-26 05:00:00+00:00,203.8264485985,204.3305970437,202.9268762989,203.134475708,9124400,0.0,0.0,0.0,0.0009741598754864356,0.15393825470134193
2024-02-27 05:00:00+00:00,203.6880573442,203.6880573442,201.7999480033,203.3124084473,4992200,0.0,0.0,0.0,0.000875935700623165,0.15494903041494967
2024-02-28 05:00:00+00:00,202.6402150749,202.9071092177,201.6220231213,202.3535308838,4164500,0.0,0.0,0.0,-0.004716276644514461,0.149501971277199
2024-02-29 05:00:00+00:00,203.4310298719,205.0917799349,202.2942183148,204.6073913574,5993400,0.0,0.0,0.0,0.011138231508766028,0.16230539035306735
2024-03-01 05:00:00+00:00,205.1313249109,208.6406345766,205.0324802528,208.3440704346,6568400,0.0,0.0,0.0,0.018262678842686286,0.1835322004142086
2024-03-04 05:00:00+00:00,208.0475213764,209.5402069434,207.5829077401,208.3440704346,10221900,0.0,0.0,0.0,0.0,0.1835322004142086
2024-03-05 05:00:00+00:00,206.2879055292,206.3867652683,201.908693613,203.223449707,9021400,0.0,0.0,0.0,-0.024577712804201957,0.15444368589790303
2024-03-06 05:00:00+00:00,205.3488062604,206.3768932849,203.4607118751,204.834777832,7151600,0.0,0.0,0.0,0.007928849388804116,0.1635970960112434
2024-03-07 05:00:00+00:00,206.5844704121,208.6999391155,205.5563985075,208.067276001,6060400,0.0,0.0,0.0,0.01578100263643334,0.18195982485114293
2024-03-08 05:00:00+00:00,208.4429348622,209.9158605809,204.8446603982,204.9731750488,7456100,0.0,0.0,0.0,-0.014870675541429956,0.1643832837927761
2024-03-11 04:00:00+00:00,204.0340495649,204.8644321851,202.9367727904,204.4096984863,7824200,0.0,0.0,0.0,-0.0027490258779757637,0.1611823640137473
2024-03-12 04:00:00+00:00,206.3769113396,208.6208798783,204.4195968624,208.6011199951,8691400,0.0,0.0,0.0,0.020505003137514688,0.18499241203107597
2024-03-13 04:00:00+00:00,207.9684291606,208.0870487797,205.4871915144,206.3472290039,6407700,0.0,0.0,0.0,-0.010804788542136956,0.1721888195950434
2024-03-14 04:00:00+00:00,207.2171473502,207.948670253,205.1313334127,206.3867797852,8011600,0.0,0.0,0.0,0.0001916710076066419,0.17241349420720042
2024-03-15 04:00:00+00:00,203.4211627147,204.3503899997,202.442505558,203.2728881836,9816700,0.0,0.0,0.0,-0.015087650501843242,0.1547245291629573
2024-03-18 04:00:00+00:00,205.0541692858,206.3710963486,204.1135114148,204.2719421387,7088300,0.339,0.0,0.0,0.004914841147913629,0.16039981679339266
2024-03-19 04:00:00+00:00,203.2718969724,205.3611552933,202.2520235611,205.331451416,6695100,0.0,0.0,0.0,0.005186758720786999,0.16641853066274548
2024-03-20 04:00:00+00:00,205.4898619825,207.6979355958,204.7670425242,207.6286315918,6678700,0.0,0.0,0.0,0.011187668328248135,0.1794680343157229
2024-03-21 04:00:00+00:00,209.8465958267,209.8465958267,207.5989221441,207.7771453857,6156000,0.0,0.0,0.0,0.0007152857135426238,0.18031169095024913
2024-03-22 04:00:00+00:00,207.7870735712,208.6089009524,207.0444464536,207.8464813232,5753500,0.0,0.0,0.0,0.0003337033886536833,0.18070556496118684
2024-03-25 04:00:00+00:00,205.8760156197,207.3513734346,205.2819230571,206.470123291,4388900,0.0,0.0,0.0,-0.006621993422442296,0.1728869404761728
2024-03-26 04:00:00+00:00,207.2127647251,207.5494187115,205.4502643154,205.6185913086,4269200,0.0,0.0,0.0,-0.0041242382618227325,0.16804967527946868
2024-03-27 04:00:00+00:00,206.9157247518,207.0246440028,205.0839051056,206.668182373,6247500,0.0,0.0,0.0,0.005104553327207384,0.17401204713576002
2024-03-28 04:00:00+00:00,206.1829952319,206.8167031213,205.8067410877,206.2226104736,4427200,0.0,0.0,0.0,-0.0021559772495400864,0.17148090387144932
2024-04-01 04:00:00+00:00,206.6582518952,208.0048828169,206.0443366236,206.796875,5827400,0.0,0.0,0.0,0.00278468265473486,0.17474310642481328
2024-04-02 04:00:00+00:00,204.499705756,205.1037097557,203.143178375,204.8066558838,5709100,0.0,0.0,0.0,-0.009624028971424226,0.16343734473460003
2024-04-03 04:00:00+00:00,203.7768762627,206.4107306314,203.7273647683,205.3512420654,5335000,0.0,0.0,0.0,0.0026590257980139143,0.16653095464862222
2024-04-04 04:00:00+00:00,207.3117865774,208.0346212018,201.9945811152,202.1035003662,8232400,0.0,0.0,0.0,-0.015815544461940223,0.1480816324691474
2024-04-05 04:00:00+00:00,202.9847437237,205.4601674276,202.4203398669,204.4204864502,6404400,0.0,0.0,0.0,0.011464354055232828,0.16124364678808334
2024-04-08 04:00:00+00:00,204.5492344982,205.2225425632,203.4303380334,204.1828765869,4062900,0.0,0.0,0.0,-0.0011623583693892714,0.1598938655163391
2024-04-09 04:00:00+00:00,205.2324541065,205.6582197759,202.6481108854,205.2126464844,4700400,0.0,0.0,0.0,0.005043370505468214,0.1657436400271577
2024-04-10 04:00:00+00:00,202.8758398451,203.450140001,201.8262625325,202.6976165771,6918400,0.0,0.0,0.0,-0.01225572570885003,0.15145660572814834
2024-04-11 04:00:00+00:00,203.5986439395,207.0840447447,202.6183858225,206.7473907471,5281800,0.0,0.0,0.0,0.01997938721918624,0.17446200312008098
2024-04-12 04:00:00+00:00,204.2818850938,205.242350802,202.6481113186,203.4006347656,8093400,0.0,0.0,0.0,-0.016187657650266973,0.15545021429032624
2024-04-15 04:00:00+00:00,204.6482186675,204.7769455333,199.2320055704,199.5389556885,8594500,0.0,0.0,0.0,-0.018985580264044843,0.13351332150580952
2024-04-16 04:00:00+00:00,199.9746420595,201.0143079641,198.9844725437,199.7765960693,7457000,0.0,0.0,0.0,0.0011909473013931304,0.13486327613715
2024-04-17 04:00:00+00:00,200.5093306514,200.8459846669,196.7466834001,196.8952178955,6545200,0.0,0.0,0.0,-0.014423001645300304,0.1184951412382329
2024-04-18 04:00:00+00:00,196.835788105,197.3407842193,194.43957973,194.6475219727,7640300,0.0,0.0,0.0,-0.011415695855005237,0.105726740890556
2024-04-19 04:00:00+00:00,193.9049069332,194.5386148479,190.1521558363,190.6373443604,10940000,0.0,0.0,0.0,-0.020602253610310206,0.08294627815102706
2024-04-22 04:00:00+00:00,192.102777467,193.4989200751,190.191757602,192.340423584,6646700,0.0,0.0,0.0,0.008933607574706626,0.09262089522451733
2024-04-23 04:00:00+00:00,193.1424652429,195.4792659276,192.8553227284,195.1921234131,6075800,0.0,0.0,0.0,0.014826315633305276,0.10882043748466064
2024-04-24 04:00:00+00:00,196.6377597211,197.449705973,195.0039860702,196.0832672119,4580100,0.0,0.0,0.0,0.004565470077468214,0.11388272401328203
2024-04-25 04:00:00+00:00,193.6375318581,196.0238438172,192.7760892864,195.6574859619,5784000,0.0,0.0,0.0,-0.00217143082147786,0.11146400473484785
2024-04-26 04:00:00+00:00,197.2021583262,199.311209056,196.4298273364,197.8655700684,5052100,0.0,0.0,0.0,0.011285456805521621,0.12400738375117504
2024-04-29 04:00:00+00:00,198.8854290381,199.1824828839,197.5586056498,198.7171020508,3747400,0.0,0.0,0.0,0.004303588452026608,0.12884464894787917
2024-04-30 04:00:00+00:00,198.0339042558,198.8359391506,194.281168418,194.3405761719,7464500,0.0,0.0,0.0,-0.02202390148474076,0.10398308560787428
2024-05-01 04:00:00+00:00,193.3008959302,196.5486507644,192.3107264049,192.3503265381,10226800,0.0,0.0,0.0,-0.01024104010085658,0.09267715055749659
2024-05-02 04:00:00+00:00,194.8059563453,195.3901527346,192.3503250631,195.1228027344,6670000,0.0,0.0,0.0,0.014413680736595103,0.1084266501538047
2024-05-03 04:00:00+00:00,200.4004071424,201.2321459073,199.6874838843,200.5588378906,6658200,0.0,0.0,0.0,0.027859558596026623,0.1393069273631622
2024-05-06 04:00:00+00:00,201.3212622033,202.9154205322,201.0142969788,202.9154205322,4010500,0.0,0.0,0.0,0.011750081254885636,0.1526938763339334
2024-05-07 04:00:00+00:00,203.5095336403,203.6085566326,202.2322216487,202.2520141602,5010400,0.0,0.0,0.0,-0.0032693738615825474,0.14892528910424097
2024-05-08 04:00:00+00:00,201.5291896248,203.0441476947,201.4796781299,202.8263092041,3588000,0.0,0.0,0.0,0.0028395022234246614,0.15218766501720138
2024-05-09 04:00:00+00:00,202.4995567458,202.9253374826,201.7569296291,202.7669067383,4794800,0.0,0.0,0.0,-0.0002928735726301923,0.15185021969940737
2024-05-10 04:00:00+00:00,203.8263896629,204.7373437543,202.8758203321,203.5194244385,4376900,0.0,0.0,0.0,0.0037112451548675374,0.15612501824640002
2024-05-13 04:00:00+00:00,205.0146041819,205.1829311889,203.8363000239,204.4799041748,3291000,0.0,0.0,0.0,0.004719351673433181,0.16158117878595912
2024-05-14 04:00:00+00:00,204.4105847137,206.5790582376,204.2917692139,206.2919006348,4912600,0.0,0.0,0.0,0.008861489187959481,0.17187451784270813
2024-05-15 04:00:00+00:00,207.5890135304,211.0051101275,207.4404941604,210.9357910156,7154300,0.0,0.0,0.0,0.022511258883697538,0.1982548884930735
2024-05-16 04:00:00+00:00,211.0645369737,211.7180524783,210.1139675936,210.2030792236,6033300,0.0,0.0,0.0,-0.003473624786349272,0.1940926006120398
2024-05-17 04:00:00+00:00,210.6882403049,210.8169671596,208.5890860458,209.7376861572,3808000,0.0,0.0,0.0,-0.0022140164079375024,0.19144886000168793
2024-05-20 04:00:00+00:00,209.9456162749,212.5992781185,209.7574816719,212.2032012939,3138400,0.0,0.0,0.0,0.01175523188928529,0.20545461763523232
2024-05-21 04:00:00+00:00,211.3912929217,212.89633969,211.0150236752,212.5497894287,3070200,0.0,0.0,0.0,0.0016332841949917576,0.20742346760999575
2024-05-22 04:00:00+00:00,213.153781795,213.8072821495,211.7675354993,213.0250549316,5891500,0.0,0.0,0.0,0.0022360196365165397,0.21012329019316267
2024-05-23 04:00:00+00:00,215.4608870461,215.4806795575,210.6189588448,211.2922668457,4700200,0.0,0.0,0.0,-0.00813419851696029,0.2002799071207344
2024-05-24 04:00:00+00:00,211.826946506,213.5300391954,211.1239346464,213.0745697021,2953200,0.0,0.0,0.0,0.00843524887591629,0.21040456685805942
2024-05-28 04:00:00+00:00,214.2825971174,214.4509241288,212.6389120293,213.9756469727,4393200,0.0,0.0,0.0,0.004228929204737053,0.2155232820803925
2024-05-29 04:00:00+00:00,211.7180520764,213.6389682362,211.7180520764,212.6190948486,4284500,0.0,0.0,0.0,-0.006339750075731954,0.20781716826076946
2024-05-30 04:00:00+00:00,210.252577573,210.5694390495,207.1236384821,207.7672576904,5225300,0.0,0.0,0.0,-0.022819385820708527,0.18025552229735142
2024-05-31 04:00:00+00:00,208.3811671638,208.4207824045,203.5095350624,208.0940246582,6040500,0.0,0.0,0.0,0.0015727548769350896,0.1821117749260741
2024-06-03 04:00:00+00:00,209.6881897563,209.8763243702,206.1235736741,208.6188049316,4814000,0.0,0.0,0.0,0.002521842106047778,0.18509287417413756
2024-06-04 04:00:00+00:00,208.5098928948,209.391143136,207.4405080332,209.0544891357,3202700,0.0,0.0,0.0,0.002088422490210462,0.187567848785551
2024-06-05 04:00:00+00:00,210.7080635252,213.6983795166,210.3714095359,213.6983795166,4394400,0.0,0.0,0.0,0.022213779766697916,0.21394821943648434
2024-06-06 04:00:00+00:00,213.8171817817,213.9657011476,212.4210393073,212.9854431152,3528800,0.0,0.0,0.0,-0.003336180662729893,0.20989826886124496
2024-06-07 04:00:00+00:00,213.213195055,214.3914991487,212.4309527081,213.4805450439,3199300,0.0,0.0,0.0,0.002324581067412179,0.21271077547053463
2024-06-10 04:00:00+00:00,212.7577154752,214.5994313482,212.6190923497,214.0251312256,3367400,0.0,0.0,0.0,0.00255098740537707,0.21580438538512503
2024-06-11 04:00:00+00:00,213.4805335706,218.0650077235,213.3815105848,218.0055999756,6359600,0.0,0.0,0.0,0.018598137177658236,0.23841608212571597
2024-06-12 04:00:00+00:00,220.1740662981,225.0754017598,219.7680932219,222.8277130127,8910600,0.0,0.0,0.0,0.02211921637627512,0.26580887541011355
2024-06-13 04:00:00+00:00,224.8971905887,225.5209870642,223.2238018114,224.5902404785,6346800,0.0,0.0,0.0,0.00790982163739895,0.27582119784164405
2024-06-14 04:00:00+00:00,224.2733882816,225.5606116334,224.1248689024,225.4318847656,3932300,0.0,0.0,0.0,0.0037474659865310844,0.2806022943854509
2024-06-17 04:00:00+00:00,225.9863722824,229.6499962733,225.2140413101,228.8479614258,5801300,0.0,0.0,0.0,0.015153476021158241,0.30000787054606115
2024-06-18 04:00:00+00:00,229.0757088274,229.8876399217,228.2241624941,229.1351165771,4338900,0.0,0.0,0.0,0.0012547857079912017,0.30163910184229836
2024-06-20 04:00:00+00:00,230.1649006327,230.3035237604,225.7982494474,226.5606842041,6621500,0.0,0.0,0.0,-0.011235433535713657,0.2870146222260632
2024-06-21 04:00:00+00:00,226.6101697664,227.501316184,225.1348119194,226.1645965576,6780100,0.0,0.0,0.0,-0.0017482629340189737,0.28476458226648504
2024-06-24 04:00:00+00:00,223.8137981587,224.8255470994,220.5603458155,220.6198577881,6874300,0.4,0.0,0.0,-0.02451638697610148,0.2532667965944506
2024-06-25 04:00:00+00:00,222.2366564203,224.7858482786,220.986844532,224.6668243408,4563100,0.0,0.0,0.0,0.01834361871716461,0.2762562448620616
2024-06-26 04:00:00+00:00,224.3295812094,225.4702676483,222.6631703928,224.4089355469,4729800,0.0,0.0,0.0,-0.00114787216428891,0.27479126584408453
2024-06-27 04:00:00+00:00,223.972499524,225.6289816278,223.7046805206,224.5180511475,3961800,0.0,0.0,0.0,0.00048623554286764126,0.2754111146672751
2024-06-28 04:00:00+00:00,225.3016406179,228.5253367259,224.0915134835,224.3990020752,6244100,0.0,0.0,0.0,-0.0005302427652990049,0.2747348371509408
2024-07-01 04:00:00+00:00,224.7362620115,226.4720983791,221.4728811646,226.0951690674,4640800,0.0,0.0,0.0,0.007558710050018735,0.28437018817562265
2024-07-02 04:00:00+00:00,224.1312236359,227.2458097773,224.1312236359,227.2259674072,3538300,0.0,0.0,0.0,0.0050014263660047575,0.29079387109847477
2024-07-03 04:00:00+00:00,226.8986207841,230.4000496558,226.71015612,230.2909393311,3124600,0.0,0.0,0.0,0.013488651666327511,0.30820493999875254
2024-07-05 04:00:00+00:00,230.5488234426,232.0168559785,229.5966016663,230.9951934814,3335900,0.0,0.0,0.0,0.0030581062040286877,0.3122055696419037
2024-07-08 04:00:00+00:00,231.7391440067,233.2468311426,231.3423722851,232.5723419189,3835500,0.0,0.0,0.0,0.006827624478805472,0.32116481651041573
2024-07-09 04:00:00+00:00,233.7626148557,234.3180801022,231.0547142117,232.3838653564,4339300,0.0,0.0,0.0,-0.0008103997274350183,0.32009414490321886
2024-07-10 04:00:00+00:00,233.9808264013,235.9249698235,232.6715176765,235.7563323975,4374700,0.0,0.0,0.0,0.014512483626725636,0.3392519895668633
2024-07-11 04:00:00+00:00,236.1134198675,236.2126165729,229.1899166395,229.8544921875,7053000,0.0,0.0,0.0,-0.025033644483615003,0.30572563138607234
2024-07-12 04:00:00+00:00,230.4893263453,234.367684692,229.68588444,231.9077606201,4883800,0.0,0.0,0.0,0.00893290539183833,0.3173895549189425
2024-07-15 04:00:00+00:00,233.0880977515,234.6156269963,231.0050881916,232.3243255615,4314000,0.0,0.0,0.0,0.0017962527010142448,0.3197559194652535
2024-07-16 04:00:00+00:00,232.8699273517,232.9889513059,229.8942074159,231.5506896973,3826100,0.0,0.0,0.0,-0.003329982180429125,0.3153611557709184
2024-07-17 04:00:00+00:00,226.2538949608,226.4820292343,222.4350486073,222.5441589355,6220200,0.0,0.0,0.0,-0.03889658361015458,0.26419810059792526
2024-07-18 04:00:00+00:00,224.9842497522,225.0239193545,219.7568980234,222.5639953613,5418600,0.0,0.0,0.0,8.913478518079998e-05,0.264310784624048
2024-07-19 04:00:00+00:00,221.3836279492,222.7425350956,218.5963729322,219.0823974609,4236400,0.0,0.0,0.0,-0.015643131741718164,0.244533004457699
2024-07-22 04:00:00+00:00,221.978748583,224.5279555485,221.0364404367,224.2700653076,5300800,0.0,0.0,0.0,0.023679071923730532,0.2740023909817093
2024-07-23 04:00:00+00:00,223.3376802514,225.3909189195,223.0797748644,223.3773498535,2765400,0.0,0.0,0.0,-0.003980537718556332,0.2689311764108757
2024-07-24 04:00:00+00:00,220.4611352171,221.1554818816,213.6169863599,214.1327819824,7150400,0.0,0.0,0.0,-0.04138543087364488,0.2164159129261105
2024-07-25 04:00:00+00:00,213.9046594364,217.0986000067,208.7566767228,211.841506958,10579000,0.0,0.0,0.0,-0.010700253381046188,0.2033999544410645
2024-07-26 04:00:00+00:00,214.6981633079,216.2356214415,212.7143502671,214.5295410156,5848900,0.0,0.0,0.0,0.012688892258177376,0.21866976680646277
2024-07-29 04:00:00+00:00,216.2356184572,217.1680129951,212.9524103417,213.5773162842,3671900,0.0,0.0,0.0,-0.004438664842576379,0.21326050015782827
2024-07-30 04:00:00+00:00,214.3708364814,214.5791435143,206.6141352126,208.2111053467,5347300,0.0,0.0,0.0,-0.025125378625693418,0.18277687071976456
2024-07-31 04:00:00+00:00,214.638646,217.8127437592,213.1309438886,217.0291442871,7307000,0.0,0.0,0.0,0.04235143426051535,0.23286916760491083
2024-08-01 04:00:00+00:00,216.4340070492,218.9435294199,206.7133197933,208.9351959229,8495700,0.0,0.0,0.0,-0.03729429239002491,0.1868901843896067
2024-08-02 04:00:00+00:00,203.3805125776,205.0568370706,199.6211934084,203.0631103516,9310800,0.0,0.0,0.0,-0.02810481759840444,0.15353285224800017
2024-08-05 04:00:00+00:00,190.3567985018,200.0873997884,189.2061832177,196.2983093262,15715000,0.0,0.0,0.0,-0.033313786111553445,0.11510430553556006
2024-08-06 04:00:00+00:00,198.8078287901,202.9936757733,196.6950780643,198.9665374756,12287900,0.0,0.0,0.0,0.013592720989593632,0.13026160723499958
2024-08-07 04:00:00+00:00,203.7872067107,204.7791133047,195.475039745,195.7428436279,8826800,0.0,0.0,0.0,-0.016202191024686008,0.11194889276670938
2024-08-08 04:00:00+00:00,199.2839592783,203.5590743164,196.3975074306,203.0532073975,7238600,0.0,0.0,0.0,0.0373467741354403,0.1534765969150207
2024-08-09 04:00:00+00:00,202.9341527546,205.1361864556,201.7041983475,203.9657440186,4767800,0.0,0.0,0.0,0.004494076369419897,0.15866040883189547
2024-08-12 04:00:00+00:00,204.6005649776,207.2191976216,203.6483280456,205.6321411133,4290100,0.0,0.0,0.0,0.008169985125286772,0.16812664713731085
2024-08-13 04:00:00+00:00,208.1813591223,212.020032767,207.9234537233,211.950592041,4999800,0.0,0.0,0.0,0.030726961716644352,0.20401962990409106
2024-08-14 04:00:00+00:00,213.2599096901,214.1923042751,210.2445204173,213.1111297607,4461200,0.0,0.0,0.0,0.0054755106297392775,0.21061225218604562
2024-08-15 04:00:00+00:00,215.8686128769,219.4593095044,215.4024156188,219.2410888672,4759400,0.0,0.0,0.0,0.028764143446582402,0.24543447666611518
2024-08-16 04:00:00+00:00,218.0805790624,220.0346362159,217.4854290663,219.6081085205,3353200,0.0,0.0,0.0,0.0016740459336173075,0.247519391187365
2024-08-19 04:00:00+00:00,219.0923280785,223.2384902772,218.1996030841,223.2285766602,6502100,0.0,0.0,0.0,0.01648604035657475,0.26808604621608945
2024-08-20 04:00:00+00:00,222.6433549697,223.9824197557,221.1356527481,222.4449615479,3610800,0.0,0.0,0.0,-0.0035103709570877273,0.2636345937883642
2024-08-21 04:00:00+00:00,222.5838300871,224.5279736399,221.8795848924,223.7542877197,3769400,0.0,0.0,0.0,0.005886068008414069,0.27107243294518724
2024-08-22 04:00:00+00:00,225.0040557912,225.5297649996,218.1499785799,218.606262207,4541800,0.0,0.0,0.0,-0.023007494359835512,0.2418282411132584
2024-08-23 04:00:00+00:00,220.7785791706,223.1194794191,219.3105615984,222.1474151611,5340500,0.0,0.0,0.0,0.01619877179340312,0.2619443333976552
2024-08-26 04:00:00+00:00,221.9489838861,222.7821968147,218.2392634149,219.3601074219,3134400,0.0,0.0,0.0,-0.01254710858183361,0.2461105808222852
2024-08-27 04:00:00+00:00,218.0012119716,221.1554825497,216.9299511225,220.6892852783,3828000,0.0,0.0,0.0,0.006059341746416758,0.25366119068531323
2024-08-28 04:00:00+00:00,220.4016335341,220.8281612231,215.8190300924,217.6441345215,4501100,0.0,0.0,0.0,-0.013798362493946614,0.23636271913164464
2024-08-29 04:00:00+00:00,217.7036432049,220.768645917,215.1246952816,215.6801605225,6657400,0.0,0.0,0.0,-0.009023785563152864,0.22520604707592407
2024-08-30 04:00:00+00:00,218.0309877763,219.3898949778,215.6801739727,218.5467834473,5024200,0.0,0.0,0.0,0.013291083045632979,0.24149036239562194
2024-09-03 04:00:00+00:00,216.2356276054,216.3943362857,207.3183822844,208.508682251,7382900,0.0,0.0,0.0,-0.045931132172075895,0.1844673044700702
2024-09-04 04:00:00+00:00,206.3959251324,210.343709124,205.7412631503,207.9730529785,6165000,0.0,0.0,0.0,-0.002568858364637494,0.18142457572734272
2024-09-05 04:00:00+00:00,206.4752684473,210.2345875644,206.2868037836,207.6556396484,4437400,0.0,0.0,0.0,-0.001526223352276257,0.17962145795091455
2024-09-06 04:00:00+00:00,207.4870155584,207.9829688589,201.3371976585,202.2695922852,6220500,0.0,0.0,0.0,-0.025937399881455714,0.14902514448729587
2024-09-09 04:00:00+00:00,204.7791081496,205.8106994571,202.8845629702,205.5825500488,5461000,0.0,0.0,0.0,0.01637892144919495,0.1678449370720032
2024-09-10 04:00:00+00:00,207.0009885154,209.1038256412,205.0270889543,208.6574707031,5061500,0.0,0.0,0.0,0.014957109217538678,0.1853125213449387
2024-09-11 04:00:00+00:00,209.3716348609,216.1066736267,206.0586706406,215.7793426514,6384400,0.0,0.0,0.0,0.034131880944889614,0.22576946720597113
2024-09-12 04:00:00+00:00,215.6206603688,218.4872698217,214.1030444899,217.5647888184,5302100,0.0,0.0,0.0,0.008274407295254749,0.23591198302772076
2024-09-13 04:00:00+00:00,217.8326147321,219.2014507192,216.9498184404,218.6558990479,4023700,0.0,0.0,0.0,0.005015104858768105,0.2421102112188127
2024-09-16 04:00:00+00:00,217.0787629298,218.5170244559,215.8091237074,217.8226928711,3448900,0.0,0.0,0.0,-0.0038105817424914923,0.23737704872578003
2024-09-17 04:00:00+00:00,220.0048676546,220.3421122367,216.2951318466,217.3961486816,3495000,0.0,0.0,0.0,-0.001958217410122698,0.23495399544607887
2024-09-18 04:00:00+00:00,217.9417183611,219.4692478585,215.2040616063,215.4123535156,6370800,0.0,0.0,0.0,-0.0091252544170205,0.22368472604431733
2024-09-19 04:00:00+00:00,221.4629919159,223.1888997219,220.2528646471,221.8101501465,6967000,0.0,0.0,0.0,0.029700230866456234,0.26002844491558985
2024-09-20 04:00:00+00:00,220.9372804332,221.7208799837,218.7550738158,220.7289733887,7246400,0.0,0.0,0.0,-0.00487433400629278,0.2538866454176416
2024-09-23 04:00:00+00:00,220.9266925234,221.2148554211,220.0125012271,220.6882019043,3745300,0.399,0.0,0.0,-0.0001847128801175657,0.25365503640402554
2024-09-24 04:00:00+00:00,221.612351246,222.6457803241,219.2274904186,222.1986236572,3512900,0.0,0.0,0.0,0.006844143637342981,0.26223523154485306
2024-09-25 04:00:00+00:00,221.7614247599,223.8084203119,221.6620650235,222.8346099854,3055800,0.0,0.0,0.0,0.0028622424285633663,0.2658480547794082
2024-09-26 04:00:00+00:00,227.1869469516,227.4353690114,223.4109286106,225.7858428955,4622400,0.0,0.0,0.0,0.013244050869357205,0.2826130108097835
2024-09-27 04:00:00+00:00,226.1038317388,226.1733971986,222.8445352899,223.6792449951,3046900,0.0,0.0,0.0,-0.009330070802423984,0.27064614060681813
2024-09-30 04:00:00+00:00,222.7053892288,224.4741529696,221.5924633232,224.3350372314,2750200,0.0,0.0,0.0,0.00293184213991049,0.2743714745067638
2024-10-01 04:00:00+00:00,223.6692978464,223.7984821785,217.5680522353,218.8697814941,5647700,0.0,0.0,0.0,-0.024362024785556047,0.24332520505882438
2024-10-02 04:00:00+00:00,218.9194574291,221.4931063752,217.6773471081,220.4894866943,2266200,0.0,0.0,0.0,0.007400314420488607,0.25252620250317825
2024-10-03 04:00:00+00:00,219.8436037852,223.0234032958,219.8137943494,221.4036865234,2892400,0.0,0.0,0.0,0.00414622866063219,0.2577194625421897
2024-10-04 04:00:00+00:00,224.2655111443,224.4245049087,221.5129903533,223.8680267334,2504600,0.0,0.0,0.0,0.011130529254938626,0.27171854581452126
2024-10-07 04:00:00+00:00,222.8643895249,224.3449904097,221.7713264338,222.3278045654,2215200,0.0,0.0,0.0,-0.006880045312742333,0.2629690645942626
2024-10-08 04:00:00+00:00,223.9276741555,226.8590517348,223.4208833966,226.4814453125,3932400,0.0,0.0,0.0,0.018682506919093678,0.28656449288214625
2024-10-09 04:00:00+00:00,226.6602836509,229.3332921626,225.95475836,229.0153198242,3789900,0.0,0.0,0.0,0.011188000448353552,0.30095857700534756
2024-10-10 04:00:00+00:00,227.4850494307,229.5519228614,226.8490895415,228.9557189941,2846100,0.0,0.0,0.0,-0.00026024822333170494,0.30062000484705376
2024-10-11 04:00:00+00:00,228.4091943334,229.8699173544,228.0713439488,229.3531951904,4424500,0.0,0.0,0.0,0.001736039606462958,0.30287793268842633
2024-10-14 04:00:00+00:00,230.813904118,232.8211586165,230.7045978047,232.3441925049,4905100,0.0,0.0,0.0,0.01304101001085689,0.3198687768515407
2024-10-15 04:00:00+00:00,232.5230623379,233.0894719472,226.3920073428,227.2366333008,7089700,0.0,0.0,0.0,-0.021982728076976987,0.290854460432721
2024-10-16 04:00:00+00:00,227.9521006144,228.2899661757,225.4877577607,227.9421691895,2879400,0.0,0.0,0.0,0.003104851002461606,0.29486237119822767
2024-10-17 04:00:00+00:00,231.1219618799,231.2511462131,228.6377410889,228.6377410889,3025600,0.0,0.0,0.0,0.0030515279462035583,0.2988136799104264
2024-10-18 04:00:00+00:00,229.8301516542,230.2971863508,228.9656477175,229.4525604248,2268500,0.0,0.0,0.0,0.0035638006744616035,0.3034423929788912
2024-10-21 04:00:00+00:00,228.7371148428,230.5555662723,228.3197675715,230.5257568359,3161200,0.0,0.0,0.0,0.004677203902685223,0.30953885882625753
2024-10-22 04:00:00+00:00,229.3034899005,231.0722537323,228.6476671939,230.2872467041,3084600,0.0,0.0,0.0,-0.001034635500491099,0.3081839634336432
2024-10-23 04:00:00+00:00,229.4326847795,229.7804817401,225.0505158559,226.9882049561,3041800,0.0,0.0,0.0,-0.014325768340263334,0.2894432230270454
2024-10-24 04:00:00+00:00,227.9123299182,228.2203708393,226.3025598596,227.6539764404,2416400,0.0,0.0,0.0,0.0029330664314859423,0.293225245659813
2024-10-25 04:00:00+00:00,228.9457626109,231.4101203435,228.5085525252,228.8364562988,4157400,0.0,0.0,0.0,0.005194198128621652,0.29994251381070547
2024-10-28 04:00:00+00:00,230.4760670887,230.4760670887,228.7172345495,228.7669219971,2949600,0.0,0.0,0.0,-0.00030386024510531406,0.29954751295983617
2024-10-29 04:00:00+00:00,229.2041366753,232.513120386,228.349564169,231.8473510742,3725800,0.0,0.0,0.0,0.013465360508452484,0.31704638871970325
2024-10-30 04:00:00+00:00,229.7307959036,230.3468777853,228.0117194245,228.1607666016,4170600,0.0,0.0,0.0,-0.015900912628586172,0.2961041491648764
2024-10-31 04:00:00+00:00,225.6566591477,225.6566591477,220.7577833946,220.8372802734,6055100,0.0,0.0,0.0,-0.032097921291559195,0.25450190019931895
2024-11-01 04:00:00+00:00,221.0757677309,224.1562075119,220.7776582098,222.4967498779,5782900,0.0,0.0,0.0,0.00751444503593568,0.26392878577584367
2024-11-04 05:00:00+00:00,222.705395773,223.9276431828,221.3837886402,222.3278045654,3155900,0.0,0.0,0.0,-0.000759315866828203,0.26296906459426306
2024-11-05 05:00:00+00:00,223.0134667903,225.636818563,223.0134667903,225.4579467773,3636500,0.0,0.0,0.0,0.014078950754804254,0.2807503438595269
2024-11-06 05:00:00+00:00,229.8102781785,232.3044301446,229.1246308828,231.8771514893,5483900,0.0,0.0,0.0,0.028471849423611806,0.3172156747991344
2024-11-07 05:00:00+00:00,233.4869298274,236.1897630863,233.3776235131,235.9214630127,5231500,0.0,0.0,0.0,0.017441612929192107,0.34019004074324544
2024-11-08 05:00:00+00:00,235.6233451766,236.4381767926,234.8085287231,235.6631011963,3618200,0.0,0.0,0.0,-0.0010951178968658937,0.3387223746444261
2024-11-11 05:00:00+00:00,235.6332936162,235.7823407849,232.9602698653,234.3613739014,3633600,0.0,0.0,0.0,-0.005523678880113403,0.33132770213726737
2024-11-12 05:00:00+00:00,234.2023815094,234.9575791062,232.811208889,234.6594696045,3765400,0.0,0.0,0.0,0.001271948948487589,0.3330210830080933
2024-11-13 05:00:00+00:00,234.162622614,235.5736732272,233.1192621146,233.8446502686,3164800,0.0,0.0,0.0,-0.003472347982688806,0.3283923699396285
2024-11-14 05:00:00+00:00,234.2222578644,234.6296585126,232.672091499,233.049697876,3301000,0.0,0.0,0.0,-0.0033994893262979664,0.32387651425688313
2024-11-15 05:00:00+00:00,230.1680014253,230.4660957538,226.5112209837,227.2664337158,5614900,0.0,0.0,0.0,-0.02481558316920518,0.2910237465115839
2024-11-18 05:00:00+00:00,227.2664351958,228.965633529,226.2826784179,228.0017547607,3083400,0.0,0.0,0.0,0.0032355021939560746,0.2952008566758715
2024-11-19 05:00:00+00:00,226.5708513126,230.058706757,226.5708513126,229.8699035645,3453400,0.0,0.0,0.0,0.008193572044042918,0.3058131782065514
2024-11-20 05:00:00+00:00,230.0686576211,230.148154507,226.6106264814,229.6711883545,4437200,0.0,0.0,0.0,-0.0008644681488032546,0.30468434430570435
2024-11-21 05:00:00+00:00,231.8970260816,233.0894641323,228.3495668519,232.0063323975,5295900,0.0,0.0,0.0,0.010167335571040992,0.3179495078485439
2024-11-22 05:00:00+00:00,231.5889796913,232.6621648142,230.7542852054,232.125579834,3545400,0.0,0.0,0.0,0.0005139835420342465,0.3186269122048102
2024-11-25 05:00:00+00:00,233.8744635244,234.2818793396,231.0623240007,232.1156311035,5568600,0.0,0.0,0.0,-4.2859259660743554e-05,0.3185703968315843
2024-11-26 05:00:00+00:00,233.1689377065,234.0036473453,232.284555786,233.2782440186,3114700,0.0,0.0,0.0,0.0050087661463074085,0.32517480759675754
2024-11-27 05:00:00+00:00,231.6982926231,231.8374083747,228.0812679186,230.1183319092,3184700,0.0,0.0,0.0,-0.013545678563784302,0.30722441561222724
2024-11-29 05:00:00+00:00,230.6549068285,232.741658174,230.4263627813,232.2547454834,2084200,0.0,0.0,0.0,0.009283978188417308,0.31936065857413776
2024-12-02 05:00:00+00:00,232.4236751944,235.3351896462,232.3640563255,234.4607391357,4699100,0.0,0.0,0.0,0.009498163956601191,0.33189216242716424
2024-12-03 05:00:00+00:00,233.4670448687,235.3649930129,233.0099567773,235.3053741455,2788000,0.0,0.0,0.0,0.0036024581894333885,0.33669024825514215
2024-12-04 05:00:00+00:00,238.2466843013,239.7272852208,237.5511055735,239.6080474854,5420000,0.0,0.0,0.0,0.01828548691471643,0.36113228029864053
2024-12-05 05:00:00+00:00,239.2304617572,239.5086932724,238.0678482486,238.3957672119,2819000,0.0,0.0,0.0,-0.005059430541763721,0.35424572606831717
2024-12-06 05:00:00+00:00,238.8130944556,240.3533142467,238.554740974,239.3198699951,3327100,0.0,0.0,0.0,0.0038763388880920235,0.3594952414403083
2024-12-09 05:00:00+00:00,238.4255654627,239.2801379797,237.1536456926,237.7597961426,4016200,0.0,0.0,0.0,-0.006518781129757123,0.3506329895144127
2024-12-10 05:00:00+00:00,236.9549063428,237.6007976391,233.7154729496,234.4607391357,5617200,0.0,0.0,0.0,-0.013875588137370998,0.3318921624271647
2024-12-11 05:00:00+00:00,236.3189414958,238.6143588749,235.5041098714,237.8591461182,4344800,0.0,0.0,0.0,0.014494567384832235,0.3511973631247951
2024-12-12 05:00:00+00:00,236.3387999637,237.4020536252,235.7624589831,236.5276031494,3609100,0.0,0.0,0.0,-0.005598031400223302,0.3436333178581237
2024-12-13 05:00:00+00:00,238.664025573,239.5980949108,235.6531515277,237.5411682129,4338500,0.0,0.0,0.0,0.004285187225525622,0.3493910381876
2024-12-16 05:00:00+00:00,237.8492185531,240.1247579591,237.3424430075,239.9160919189,4721300,0.0,0.0,0.0,0.009997945719756096,0.36288217654212485
2024-12-17 05:00:00+00:00,238.2168794517,239.3993708928,237.302688083,238.4653015137,4072500,0.0,0.0,0.0,-0.006047074181628531,0.35464072691975534
2024-12-18 05:00:00+00:00,239.2701767034,239.926014559,230.2375545403,230.7741546631,8463600,0.0,0.0,0.0,-0.03225268750539012,0.310949922872338
2024-12-19 05:00:00+00:00,233.1192657883,233.8744633877,230.7244735051,231.0225830078,6691700,0.0,0.0,0.0,0.0010764998578920437,0.31236116027801364
2024-12-20 05:00:00+00:00,229.4525740665,236.3587048718,228.7371172617,234.470703125,7462400,0.0,0.0,0.0,0.014925467771622847,0.3319487644804726
2024-12-23 05:00:00+00:00,235.1435034043,237.0545091015,233.8894101869,236.9549865723,3986700,0.386,0.0,0.0,0.010595282967934772,0.3460611385389343
2024-12-24 05:00:00+00:00,237.8010127522,239.4134205978,237.4426982101,239.4034729004,2326700,0.0,0.0,0.0,0.010333128513220435,0.35997016127010895
2024-12-26 05:00:00+00:00,238.6370614471,240.4385969401,237.8706787319,239.562713623,3575400,0.0,0.0,0.0,0.0006651562764348196,0.3608747539586419
2024-12-27 05:00:00+00:00,237.9503025634,238.258848222,234.0486488528,236.3777008057,4363200,0.0,0.0,0.0,-0.013295110783860475,0.3427817733418028
2024-12-30 05:00:00+00:00,232.9339150075,235.2330936504,231.4907091465,233.3718566895,3975200,0.0,0.0,0.0,-0.012716276137531124,0.3257065895195448
2024-12-31 05:00:00+00:00,234.0088504497,234.1681047262,230.6745342775,231.4309844971,4690600,0.0,0.0,0.0,-0.008316650601886022,0.3146811510138927
2025-01-02 05:00:00+00:00,233.2623659099,233.9192784177,228.7038147058,230.8835601807,6383300,0.0,0.0,0.0,-0.002365389049308053,0.31157141861595283
2025-01-03 05:00:00+00:00,232.2969112783,234.8946878832,231.8390590178,234.6458587646,4558800,0.0,0.0,0.0,0.01629522076390133,0.33294376442992313
2025-01-06 05:00:00+00:00,237.3232597465,239.9309840183,236.6962055152,237.6318054199,4487700,0.0,0.0,0.0,0.012725332852754567,0.3499059175062975
2025-01-07 05:00:00+00:00,238.8759472094,238.8759472094,232.0480757775,232.8642425537,5003400,0.0,0.0,0.0,-0.02006281464627857,0.322823005293454
2025-01-08 05:00:00+00:00,233.4017135474,233.441519524,230.5451601221,232.7846221924,5011900,0.0,0.0,0.0,-0.00034191750707124324,0.3223707089491876
2025-01-10 05:00:00+00:00,230.3361309128,230.3759520757,226.364812812,227.7084960938,5832900,0.0,0.0,0.0,-0.02180610579338238,0.2935349533717715
2025-01-13 05:00:00+00:00,224.0457351725,226.255338869,223.3987703785,226.0960845947,5328000,0.0,0.0,0.0,-0.007081033544026449,0.2843753889765752
2025-01-14 05:00:00+00:00,227.8478385423,228.474892762,224.8917474886,226.6932678223,3610100,0.0,0.0,0.0,0.0026412807133326943,0.2877677849201583
2025-01-15 05:00:00+00:00,229.7887093153,231.878879984,229.032274263,231.2020568848,5232700,0.0,0.0,0.0,0.019889382273294176,0.3133806906736687
2025-01-16 05:00:00+00:00,233.0831979031,233.2325044823,229.3706718141,229.4204406738,2684200,0.0,0.0,0.0,-0.00770588391386029,0.3032599315366318
2025-01-17 05:00:00+00:00,233.5609616305,233.8396490213,231.9883598181,233.0135345459,3371300,0.0,0.0,0.0,0.015661611762000094,0.3236710826093294
2025-01-21 05:00:00+00:00,233.7898730915,235.5316768251,232.1675024683,234.9543914795,3372100,0.0,0.0,0.0,0.008329374245931165,0.3346964344348995
2025-01-22 05:00:00+00:00,238.1294534011,240.8168046967,237.7910494634,240.2594299316,5121900,0.0,0.0,0.0,0.022579013819211236,0.364832563672457
2025-01-23 05:00:00+00:00,238.4081557162,240.7371926391,238.1792371778,240.6874389648,3802200,0.0,0.0,0.0,0.0017814453040276845,0.36726393823379544
2025-01-24 05:00:00+00:00,241.4438664803,241.4438664803,237.4128318167,238.1792297363,3303800,0.0,0.0,0.0,-0.010421022548114167,0.3530156499042376
2025-01-27 05:00:00+00:00,227.5094450956,229.8981985966,224.4140102044,226.5041809082,10352800,0.0,0.0,0.0,-0.04901791327911342,0.2866936461119485
2025-01-28 05:00:00+00:00,228.0369633313,233.0633146807,225.62829923,232.5457458496,5630300,0.0,0.0,0.0,0.026673083548283794,0.32101373323573834
2025-01-29 05:00:00+00:00,232.087890809,232.1973762299,228.4151857347,230.6546478271,4525000,0.0,0.0,0.0,-0.008132154882433573,0.3102710449552435
2025-01-30 05:00:00+00:00,230.2465489373,231.8788672563,228.6639994767,231.082611084,4420100,0.0,0.0,0.0,0.0018554287153180749,0.3127021594769033
2025-01-31 05:00:00+00:00,233.232506823,234.6259437857,229.111897305,229.7289886475,5370900,0.0,0.0,0.0,-0.00585774251965665,0.30501268822169036
2025-02-03 05:00:00+00:00,224.6429272143,228.0170494848,223.448550472,226.6335601807,6876400,0.0,0.0,0.0,-0.013474261498402695,0.2874286060018578
2025-02-04 05:00:00+00:00,227.4099021912,230.2565078951,227.3302750513,229.8981933594,4185600,0.0,0.0,0.0,0.01440489738632289,0.30597388296353123
2025-02-05 05:00:00+00:00,230.1072207096,233.1429390278,229.3806439276,233.093170166,2699000,0.0,0.0,0.0,0.01389735499837208,0.3241234656336778
2025-02-06 05:00:00+00:00,233.0931616543,234.2079112174,232.0580240423,233.7301635742,3404000,0.0,0.0,0.0,0.0027327845245159743,0.32774200974910994
2025-02-07 05:00:00+00:00,234.6757273873,235.8004399125,230.9532381427,231.729598999,4276400,0.0,0.0,0.0,-0.008559291383736678,0.31637747900523916
2025-02-10 05:00:00+00:00,233.5609562657,235.7008805076,233.4912768259,235.1136474609,3027100,0.0,0.0,0.0,0.01460343640397288,0.3356011138035142
2025-02-11 05:00:00+00:00,233.8097817911,236.1686768256,233.6505275203,235.2231292725,3228100,0.0,0.0,0.0,0.0004656548557786522,0.33622304294754013
2025-02-12 05:00:00+00:00,231.9087307421,234.994217784,231.6499539349,234.7155303955,4277800,0.0,0.0,0.0,-0.002157946280920142,0.33333954540153177
2025-02-13 05:00:00+00:00,235.1335642552,238.1891778676,234.8051080033,238.0398864746,3914800,0.0,0.0,0.0,0.014163340932312307,0.3522240879615879
2025-02-14 05:00:00+00:00,237.8408204692,239.045144843,237.4028788107,238.8460845947,2278500,0.0,0.0,0.0,0.0033868194613930758,0.3568038268188607
2025-02-18 05:00:00+00:00,240.0803007468,241.0557066688,238.9655359343,241.0258483887,3012000,0.0,0.0,0.0,0.009126227870550618,0.3691863277180447
2025-02-19 05:00:00+00:00,240.7570955027,242.0012410653,239.0750082721,241.0457305908,2802100,0.0,0.0,0.0,8.248991646708781e-05,0.36929927178384614
2025-02-20 05:00:00+00:00,240.8168068403,241.1353153874,237.7412827212,240.2793426514,2993700,0.0,0.0,0.0,-0.003179429635702724,0.3649456810989904
2025-02-21 05:00:00+00:00,240.3490162095,240.4485539312,233.6505406388,233.7699737549,4528800,0.0,0.0,0.0,-0.02709083862420847,0.3279681579215272
2025-02-24 05:00:00+00:00,234.6757104331,235.3326229325,230.1370698691,230.4257049561,3723800,0.0,0.0,0.0,-0.014305809874053277,0.308970497935505
2025-02-25 05:00:00+00:00,229.9380123297,230.1470202809,225.8870670566,227.4397583008,5216800,0.0,0.0,0.0,-0.012958392189225787,0.29200834485913063
2025-02-26 05:00:00+00:00,229.6692617177,232.0878733052,228.1563765213,229.9180908203,3815300,0.0,0.0,0.0,0.010896654736250122,0.30608691370941465
2025-02-27 05:00:00+00:00,231.1721936176,231.4110750334,221.4479628188,221.5474853516,5050000,0.0,0.0,0.0,-0.03640690229653276,0.258536335051216
2025-02-28 05:00:00+00:00,220.5521750068,224.702642903,218.6710274683,224.4737243652,7086100,0.0,0.0,0.0,0.013208179767673967,0.2751593092087219
2025-03-03 05:00:00+00:00,225.6282855849,226.0861226411,216.0334357375,217.6458435059,6258100,0.0,0.0,0.0,-0.030417283263815875,0.2363724272940284
2025-03-04 05:00:00+00:00,216.0334330156,221.3185608007,213.2564916858,217.4766387939,8860500,0.0,0.0,0.0,-0.0007774313962278789,0.23541123255161955
2025-03-05 05:00:00+00:00,218.1534665461,221.2489015164,215.2272487483,220.5322875977,5965500,0.0,0.0,0.0,0.014050469148071398,0.252769339959767
2025-03-06 05:00:00+00:00,216.0035688294,219.4174967828,213.3759341476,214.4110565186,8216000,0.0,0.0,0.0,-0.027756620791357767,0.21799669645146413
2025-03-07 05:00:00+00:00,214.1622374185,218.0638760562,211.6341403333,217.5164489746,5631700,0.0,0.0,0.0,0.014483359703656884,0.2356373807240364
2025-03-10 04:00:00+00:00,213.2166822617,213.6148027502,206.1101237119,208.2699584961,10780900,0.0,0.0,0.0,-0.0425093850239332,0.18311119555687405
2025-03-11 04:00:00+00:00,207.6329733404,210.917520791,205.3238317964,207.4239501953,7416400,0.0,0.0,0.0,-0.004062075524040809,0.17830530852718374
2025-03-12 04:00:00+00:00,211.1265250514,212.5199772237,208.1704339164,210.688583374,5490800,0.0,0.0,0.0,0.01573894034717882,0.19685058548885714
2025-03-13 04:00:00+00:00,210.0814565449,210.5492413178,205.8812197879,206.6874237061,6191500,0.0,0.0,0.0,-0.018990870809536986,0.17412135064151957
2025-03-14 04:00:00+00:00,209.3946794114,213.1569743738,209.32499997,212.93800354,5020400,0.0,0.0,0.0,0.030241703737079018,0.20962878067899937
2025-03-17 04:00:00+00:00,212.7687915636,215.9438533168,212.1516850669,214.421005249,5074400,0.0,0.0,0.0,0.006964476440775025,0.21805321182412163
2025-03-18 04:00:00+00:00,212.8981758024,213.1171466294,210.380026479,211.1563720703,5743300,0.0,0.0,0.0,-0.015225342194944425,0.19950793486244822
2025-03-19 04:00:00+00:00,212.241296166,216.4116595483,211.3554650875,213.9034729004,4419300,0.0,0.0,0.0,0.013009793657495772,0.21511328558553755
2025-03-20 04:00:00+00:00,211.4748888722,214.7196150551,211.156380316,212.3806304932,3572600,0.0,0.0,0.0,-0.007119297253808998,0.20646253290840155
2025-03-21 04:00:00+00:00,209.7331004927,213.2465666299,208.9567548141,212.9579315186,5212700,0.0,0.0,0.0,0.0027182376474699232,0.209741984785615
2025-03-24 04:00:00+00:00,216.502476254,217.5095054165,215.9341576855,216.9910430908,4100100,0.375,0.0,0.0,0.01893853656184552,0.23265272759487687
2025-03-25 04:00:00+00:00,216.8514477194,217.9980651962,216.7417700745,217.7089233398,3740900,0.0,0.0,0.0,0.0033083404677658468,0.2367307624962809
2025-03-26 04:00:00+00:00,217.0408760488,217.5593535692,212.0156803721,212.8532104492,3936500,0.0,0.0,0.0,-0.0223036925455794,0.2091470998079039
2025-03-27 04:00:00+00:00,211.3975046652,212.5939783721,209.7722855449,210.8889923096,3288900,0.0,0.0,0.0,-0.00922804093701357,0.1979890408720053
2025-03-28 04:00:00+00:00,209.7922451732,210.6397404661,205.0761213804,205.7740783691,5333800,0.0,0.0,0.0,-0.02425405842421091,0.16893294468313136
2025-03-31 04:00:00+00:00,202.184630396,206.3423853206,200.1406462169,205.8737640381,7109500,0.0,0.0,0.0,0.00048444230580479974,0.16949922525418493
2025-04-01 04:00:00+00:00,205.0561726999,207.5587977018,203.3810973764,207.3793334961,4740100,0.0,0.0,0.0,0.007313071022111206,0.17805185614877272
2025-04-02 04:00:00+00:00,204.4180572011,210.6397265704,204.2585233163,208.9148101807,4646000,0.0,0.0,0.0,0.007404193362540834,0.18677437988279832
2025-04-03 04:00:00+00:00,198.9043016684,200.1107405815,194.49728064,194.6567993164,9725700,0.0,0.0,0.0,-0.0682479660104881,0.10577944234243897
2025-04-04 04:00:00+00:00,188.5846761983,190.0802721336,181.7647623845,181.8345489502,16902300,0.0,0.0,0.0,-0.06587106338555582,0.03294057460545563
2025-04-07 04:00:00+00:00,174.4163868391,191.2468309297,171.9436725404,182.9213562012,22278900,0.0,0.0,0.0,0.005976901844421567,0.03911435903099281
2025-04-08 04:00:00+00:00,189.7313101496,192.2738265035,175.9219822751,179.2023162842,12905700,0.0,0.0,0.0,-0.020331359849034447,0.017987751073234914
2025-04-09 04:00:00+00:00,179.5712251548,204.3781661165,179.34188949,203.2614593506,18494400,0.0,0.0,0.0,0.13425687549844056,0.15465960582801164
2025-04-10 04:00:00+00:00,196.2720459731,197.6180731863,187.1788123419,193.7993164062,9873800,0.0,0.0,0.0,-0.04655158422374117,0.1009083719375572
2025-04-11 04:00:00+00:00,192.8321604716,198.6151343832,191.3864207972,197.7676391602,7211600,0.0,0.0,0.0,0.02047645382650609,0.12345107138275058
2025-04-14 04:00:00+00:00,203.899580612,204.0292037958,197.4186648468,199.5723266602,5952200,0.0,0.0,0.0,0.009125292225074855,0.13370289070969155
2025-04-15 04:00:00+00:00,199.8814211033,201.8157276957,199.3629435639,200.3001861572,3600000,0.0,0.0,0.0,0.003647096314306486,0.1378376143439175
2025-04-16 04:00:00+00:00,194.9260110846,196.9999060205,189.9805669737,193.3406829834,6611200,0.0,0.0,0.0,-0.03474536548027973,0.09830303057632861
2025-04-17 04:00:00+00:00,194.726600783,194.726600783,191.4761624304,192.293762207,3740400,0.0,0.0,0.0,-0.005414901614317236,0.0923558277230514
2025-04-21 04:00:00+00:00,189.2527105675,189.7312970154,184.6462798737,187.3283843994,4486700,0.0,0.0,0.0,-0.025821835043483454,0.06414919573079891
2025-04-22 04:00:00+00:00,189.8210483013,193.0016848807,188.7143066579,191.8949432373,4656400,0.0,0.0,0.0,0.024377292595251898,0.09009027204013065
2025-04-23 04:00:00+00:00,199.2532600584,201.3570656431,196.6509224889,197.4585418701,6706900,0.0,0.0,0.0,0.028992940298171233,0.12169519421700747
2025-04-24 04:00:00+00:00,199.4028280657,205.1060351691,199.0837602938,204.8268432617,4658500,0.0,0.0,0.0,0.03731568825443521,0.1635520224009075
2025-04-25 04:00:00+00:00,204.2086676621,208.2467797517,204.0092579124,207.857925415,3259200,0.0,0.0,0.0,0.014798266208825517,0.1807705749762134
2025-04-28 04:00:00+00:00,207.5887227263,208.615697434,204.4180664942,207.5189361572,2787200,0.0,0.0,0.0,-0.0016308700143292665,0.17884489165168227
2025-04-29 04:00:00+00:00,206.5218667297,209.3535247772,206.5218667297,208.4860839844,4572200,0.0,0.0,0.0,0.004660528070881131,0.18433893136043977
2025-04-30 04:00:00+00:00,204.3881414892,210.1312242771,203.2016329724,209.353515625,5101900,0.0,0.0,0.0,0.00416062129434458,0.18926651713797926
2025-05-01 04:00:00+00:00,213.9300300207,215.9141926779,212.2350244171,212.4244689941,5766400,0.0,0.0,0.0,0.01466874516022365,0.20671156460546314
2025-05-02 04:00:00+00:00,214.8573227507,216.9810586848,214.2790238161,215.974029541,4062700,0.0,0.0,0.0,0.016709753653655346,0.22687541758103746
2025-05-05 04:00:00+00:00,214.1194857301,216.3628796435,214.0098080858,214.8274078369,3378500,0.0,0.0,0.0,-0.005309072144168758,0.22036184747719267
2025-05-06 04:00:00+00:00,211.6367845213,214.6080459898,210.9886990518,213.0426483154,3979100,0.0,0.0,0.0,-0.00830787625969509,0.21022323225629935
2025-05-07 04:00:00+00:00,213.0426600217,216.1136189237,211.5769747455,215.1763763428,4084700,0.0,0.0,0.0,0.01001549710479166,0.22234421953511396
2025-05-08 04:00:00+00:00,217.3100983675,219.2942612284,215.3757917501,217.2303314209,4352200,0.0,0.0,0.0,0.009545448775602594,0.23401204366884043
2025-05-09 04:00:00+00:00,218.1974701608,218.5963048674,215.8443986411,216.9611206055,3665000,0.0,0.0,0.0,-0.0012392874127618025,0.23248274807592506
2025-05-12 04:00:00+00:00,226.164022835,227.1112305666,223.8807378168,227.031463623,6739100,0.0,0.0,0.0,0.046415426825762385,0.2896889608832578
2025-05-13 04:00:00+00:00,227.8490586427,232.6947900595,227.5898122781,231.9370117188,6378600,0.0,0.0,0.0,0.021607349120322583,0.31755572051768843
2025-05-14 04:00:00+00:00,233.0238313862,234.3598934791,232.0766084261,233.4425964355,5124000,0.0,0.0,0.0,0.006491351705976811,0.32610843809179046
2025-05-15 04:00:00+00:00,232.1763144105,235.0777741864,231.8971377187,233.7616424561,4768200,0.0,0.0,0.0,0.001366700103029972,0.3279208306307595
2025-05-16 04:00:00+00:00,234.5194156634,234.5194156634,232.1763093224,234.2003479004,4055800,0.0,0.0,0.0,0.001876721260556602,0.3304129678859402
2025-05-19 04:00:00+00:00,230.7405435288,234.3898013328,230.6607765851,233.8613586426,5931500,0.0,0.0,0.0,-0.0014474327678802856,0.3284872845614093
2025-05-20 04:00:00+00:00,232.4056335756,233.0238235731,231.2191250352,232.9839324951,5136600,0.0,0.0,0.0,-0.003751907337718574,0.32350292337039743
2025-05-21 04:00:00+00:00,230.8003644826,234.0208920733,227.679564589,228.6068267822,9321800,0.0,0.0,0.0,-0.018787156976981967,0.29863806618954314
2025-05-22 04:00:00+00:00,228.7164974753,230.7205905255,228.158144101,228.6666412354,5686000,0.0,0.0,0.0,0.0002616477121086813,0.29897785186841896
2025-05-23 04:00:00+00:00,224.68836863,227.6197238817,224.4391026409,226.1440734863,6002000,0.0,0.0,0.0,-0.01103163861362344,0.28464799763950577
2025-05-27 04:00:00+00:00,229.6637099292,231.8373172831,228.8959816306,231.5182495117,7104200,0.0,0.0,0.0,0.023764390295753612,0.3151768740480694
2025-05-28 04:00:00+00:00,231.7974305347,232.7247079503,230.2220676157,230.5610809326,5394600,0.0,0.0,0.0,-0.004134311576382332,0.309739523072702
2025-05-29 04:00:00+00:00,234.0508055177,234.2900911373,229.7634273357,230.9499359131,7005900,0.0,0.0,0.0,0.001686559496195672,0.31194847670288306
2025-05-30 04:00:00+00:00,230.8402653226,230.9499429729,226.75229677,230.2320556641,6747000,0.0,0.0,0.0,-0.003108380377598974,0.30787044180147904
2025-06-02 04:00:00+00:00,229.6238236864,232.4056253275,229.3446470061,232.2660369873,6439400,0.0,0.0,0.0,0.008834483614078126,0.3194248017889114
2025-06-03 04:00:00+00:00,232.575131389,235.9352472445,232.4056323433,235.7557678223,7156200,0.0,0.0,0.0,0.015024714246925308,0.3392487824060959
2025-06-04 04:00:00+00:00,236.0548953455,236.8425691892,234.9381885655,236.1047515869,5449600,0.0,0.0,0.0,0.001480276677103598,0.341231241143531
2025-06-05 04:00:00+00:00,236.802694582,238.8666243175,234.4197122851,235.4367218018,7942600,0.0,0.0,0.0,-0.002829378827025164,0.33743638986769486
2025-06-06 04:00:00+00:00,237.7100277507,238.7569479753,236.9821600893,237.6601715088,4513000,0.0,0.0,0.0,0.009443937589616036,0.3500670556636867
2025-06-09 04:00:00+00:00,238.5874356154,240.3023868964,238.4079713998,238.8267364502,5550300,0.0,0.0,0.0,0.0049085420329118,0.35669391655366134
2025-06-10 04:00:00+00:00,238.7868580735,240.5217396619,237.889491363,240.1627960205,4915800,0.0,0.0,0.0,0.005594262979758957,0.36428361910590157
2025-06-11 04:00:00+00:00,240.7410952656,241.7182137075,238.3980040377,239.6343536377,4799800,0.0,0.0,0.0,-0.0022003507269081624,0.361281716652893
2025-06-12 04:00:00+00:00,239.5844836012,242.4161567079,239.5446077384,241.8578033447,5605200,0.0,0.0,0.0,0.009278509834869553,0.37391238244888503
2025-06-13 04:00:00+00:00,239.0560527892,240.8806816863,237.5903675312,238.4677886963,6596900,0.0,0.0,0.0,-0.014016560977230363,0.35465485576291833
2025-06-16 04:00:00+00:00,239.9035579168,243.0443032776,239.9035579168,242.3264160156,6933100,0.0,0.0,0.0,0.016180916258732747,0.37657441254350377
2025-06-17 04:00:00+00:00,241.309422438,243.0143932797,240.0431469563,240.6114807129,5262700,0.0,0.0,0.0,-0.00707696391874002,0.36683244509447266
2025-06-18 04:00:00+00:00,241.1997417321,242.4161609578,239.6742351187,240.9006195068,5533000,0.0,0.0,0.0,0.0012016832822911994,0.3684749447934359
2025-06-20 04:00:00+00:00,241.7580968252,242.5756813517,238.7070835768,239.8337554932,5745300,0.0,0.0,0.0,-0.004428647862277146,0.3624144511545966
2025-06-23 04:00:00+00:00,240.0714765782,242.7779897528,238.4435638105,242.5682678223,6138500,0.398,0.0,0.0,0.011401699162308043,0.3779482908610423
2025-06-24 04:00:00+00:00,245.0350949159,247.2222712102,244.7454586022,246.922668457,5664700,0.0,0.0,0.0,0.01795123770224527,0.4026841681716915
2025-06-25 04:00:00+00:00,248.2010165204,249.399473213,247.9812976822,249.0299530029,4614300,0.0,0.0,0.0,0.008534188290885814,0.4146549389755132
2025-06-26 04:00:00+00:00,250.1485209671,251.1472374591,249.159786154,250.747756958,5644200,0.0,0.0,0.0,0.006897981284524457,0.42441320226862644
2025-06-27 04:00:00+00:00,251.4268732571,252.385647781,249.309599201,250.448135376,6098300,0.0,0.0,0.0,-0.0011949123120178484,0.422711153395835
2025-06-30 04:00:00+00:00,252.6453074648,253.5940850666,251.4268721482,252.9049682617,6682600,0.0,0.0,0.0,0.009809747163864957,0.4366675900978587
2025-07-01 04:00:00+00:00,252.096008754,252.6253272624,248.9300793825,250.6478729248,7572400,0.0,0.0,0.0,-0.008924677725446695,0.42384579485764107
2025-07-02 04:00:00+00:00,250.0186753365,253.4642440811,249.8389136882,253.2944641113,5975100,0.0,0.0,0.0,0.010559001182084637,0.43888018428864917
2025-07-03 04:00:00+00:00,254.6727121465,257.3992192135,254.572834399,256.6301879883,3556400,0.0,0.0,0.0,0.013169351682057684,0.4578293034638903
2025-07-07 04:00:00+00:00,255.6414593098,256.3106127638,253.4542677743,254.5928039551,5780400,0.0,0.0,0.0,-0.007938988196092067,0.44625561383177326
2025-07-08 04:00:00+00:00,255.9310992945,256.4504209008,254.9024072825,255.9610595703,7857600,0.0,0.0,0.0,0.005374290215371946,0.45402821122611603
2025-07-09 04:00:00+00:00,256.8698881811,258.4678101498,255.5915170799,257.4990539551,6466800,0.0,0.0,0.0,0.006008704556005329,0.4627650371634706
2025-07-10 04:00:00+00:00,258.138254833,258.3679706002,255.301903632,256.650177002,4994300,0.0,0.0,0.0,-0.0032966216382604996,0.4579428542902666
2025-07-11 04:00:00+00:00,255.4317256376,257.0196964487,255.1121442832,255.5216217041,4619500,0.0,0.0,0.0,-0.004397251196484597,0.45153191332983256
2025-07-14 04:00:00+00:00,254.8924153065,255.9410553947,252.8750037969,255.3118743896,4062600,0.0,0.0,0.0,-0.0008208593585982138,0.4503404097744719
2025-07-15 04:00:00+00:00,258.2880596824,258.897292604,257.4890986634,257.5789794922,7828500,0.0,0.0,0.0,0.008879747986732633,0.4632190671082437
2025-07-16 04:00:00+00:00,257.668849527,258.5277310625,254.4829415461,258.3779296875,8891300,0.0,0.0,0.0,0.0031017678417510908,0.4677576329560371
2025-07-17 04:00:00+00:00,258.6875244545,261.1343919536,258.1781997893,260.7249145508,5977500,0.0,0.0,0.0,0.009083534596544762,0.481090060194336
2025-07-18 04:00:00+00:00,261.7236264243,261.813507246,259.8560315681,260.5551452637,5140500,0.0,0.0,0.0,-0.0006511433224265506,0.48012565829172815
2025-07-21 04:00:00+00:00,260.8447602449,262.6724284524,260.5451574954,260.8947143555,4623300,0.0,0.0,0.0,0.0013032522979208316,0.48205463545710847
2025-07-22 04:00:00+00:00,260.6949655595,260.8747272138,256.620215669,258.4778137207,6724400,0.0,0.0,0.0,-0.00926389268088701,0.4683250403670227
2025-07-23 04:00:00+00:00,259.1469746709,260.295492578,257.6089426896,259.9559326172,5045900,0.0,0.0,0.0,0.005718552301348323,0.476721733905741
2025-07-24 04:00:00+00:00,260.5950728885,261.5638290527,259.5863900113,261.0545043945,6079800,0.0,0.0,0.0,0.00422599232969878,0.48296234862632614
2025-07-25 04:00:00+00:00,260.9745971593,262.3128735656,260.435281734,261.653717041,4001000,0.0,0.0,0.0,0.0022953545578148216,0.4863662730123133
2025-07-28 04:00:00+00:00,262.6524305543,263.8109452986,262.1131456134,263.741027832,5758800,0.0,0.0,0.0,0.007977378707266336,0.49822357966984043
2025-07-29 04:00:00+00:00,265.4588342837,266.9269487621,263.3016334584,263.7510375977,6869500,0.0,0.0,0.0,3.7953009367930335e-05,0.4982804417633948
2025-07-30 04:00:00+00:00,264.0306713251,265.2391097337,262.2629541252,264.3402709961,6967300,0.0,0.0,0.0,0.0022340514894911845,0.5016276774159918
2025-07-31 04:00:00+00:00,267.6660266085,267.6660266085,261.1244150585,262.4027709961,8207200,0.0,0.0,0.0,-0.007329568032517386,0.49062139519486014
2025-08-01 04:00:00+00:00,259.546442123,259.6363229483,255.4516984842,256.7400512695,9719000,0.0,0.0,0.0,-0.021580258871138902,0.4584533996076967
2025-08-04 04:00:00+00:00,259.1569143569,262.0032622527,259.1569143569,261.953338623,6188500,0.0,0.0,0.0,0.02030570348382299,0.4880683218851043
2025-08-05 04:00:00+00:00,262.9221172728,263.1518025631,259.1868968129,259.7861328125,5588000,0.0,0.0,0.0,-0.0082732513427477,0.4757571586429681
2025-08-06 04:00:00+00:00,260.0357886258,263.0519317114,259.8660239028,262.7123413086,5083500,0.0,0.0,0.0,0.011263913375283874,0.49237995944087753
2025-08-07 04:00:00+00:00,265.6386065146,266.0680472638,260.764865469,262.9520568848,5159000,0.0,0.0,0.0,0.00091246408526513,0.4937417025554367
2025-08-08 04:00:00+00:00,263.9407951459,265.8783075923,263.2516783233,265.578704834,5507900,0.0,0.0,0.0,0.009989075500370426,0.5086628012003149
2025-08-11 04:00:00+00:00,265.408887979,266.6073598715,263.1717729567,263.7809753418,4712700,0.0,0.0,0.0,-0.006769102565371998,0.4984505079624286
2025-08-12 04:00:00+00:00,265.0992891432,267.9356401205,263.6311747857,267.8657226562,5576900,0.0,0.0,0.0,0.015485374974852029,0.5216545759594844
2025-08-13 04:00:00+00:00,269.4137577248,269.7033635492,266.986853602,267.9656066895,6995100,0.0,0.0,0.0,0.0003728884469038629,0.522221983371038
2025-08-14 04:00:00+00:00,266.6073853955,268.3051851809,265.9881555554,267.3863830566,7742200,0.0,0.0,0.0,-0.0021615596122797065,0.5189316098108587
2025-08-15 04:00:00+00:00,267.0268177085,267.0268177085,264.3003412516,265.3589782715,6686600,0.0,0.0,0.0,-0.007582303787963762,0.5074146089121319
2025-08-18 04:00:00+00:00,265.0293839318,266.1679353336,264.7697078973,265.9282226562,6116900,0.0,0.0,0.0,0.0021451860736272366,0.5106482937383525
2025-08-19 04:00:00+00:00,265.8283886428,265.8883091955,260.794848865,261.2842102051,8683500,0.0,0.0,0.0,-0.017463405744278182,0.48426722964789803
2025-08-20 04:00:00+00:00,260.6250401386,260.6250401386,255.511616715,259.5164794922,11532100,0.0,0.0,0.0,-0.0067655474148721195,0.4742253493293742
2025-08-21 04:00:00+00:00,258.8872974367,259.9259711511,257.4591401285,258.5776977539,7574300,0.0,0.0,0.0,-0.003617426300391191,0.46889244777800676
2025-08-22 04:00:00+00:00,258.2980469418,263.7909875572,257.5789698603,262.083190918,6878000,0.0,0.0,0.0,0.013556827191788079,0.4888059688558557
2025-08-25 04:00:00+00:00,262.0731996381,263.1318366867,260.774849905,261.493927002,5345900,0.0,0.0,0.0,-0.0022483850030060593,0.4854585598430943
2025-08-26 04:00:00+00:00,261.7136297335,263.0419396606,261.3341430898,262.6923828125,5540500,0.0,0.0,0.0,0.004583111448285493,0.4922665819746648
2025-08-27 04:00:00+00:00,262.9520808834,264.4101984675,261.7436119507,264.1105957031,5769300,0.0,0.0,0.0,0.005398759093872441,0.5003229697545823
2025-08-28 04:00:00+00:00,264.4301587693,266.7671517399,263.1118761428,266.1979064941,6190300,0.0,0.0,0.0,0.007903169448553404,0.5121802764121097
2025-08-29 04:00:00+00:00,265.0293943092,265.0793484215,261.1543693895,262.1131591797,8740600,0.0,0.0,0.0,-0.015344776253867765,0.48897620841505396
2025-09-02 04:00:00+00:00,257.479086229,259.7062348908,255.9510512756,259.4665222168,9113000,0.0,0.0,0.0,-0.010097306717384291,0.4739415589437992
2025-09-03 04:00:00+00:00,260.7948380411,261.5338784796,259.0670475668,261.0145568848,7818300,0.0,0.0,0.0,0.005966221209480427,0.4827354203343044
2025-09-04 04:00:00+00:00,259.9459306801,262.4127616664,258.8872936232,262.3029174805,12198700,0.0,0.0,0.0,0.0049359721966335535,0.4900541611440383
2025-09-05 04:00:00+00:00,264.7896887829,264.8895665204,259.8560272396,262.5225830078,19280900,0.0,0.0,0.0,0.0008374498057814872,0.4913020067118923
2025-09-08 04:00:00+00:00,263.9008426995,265.4488715879,263.8409221467,264.4900817871,10278000,0.0,0.0,0.0,0.007494588681696612,0.5024787018523866
2025-09-09 04:00:00+00:00,265.0793345502,265.2790595539,263.1218283565,264.999420166,9677500,0.0,0.0,0.0,0.001925737159815366,0.505372080920375
2025-09-10 04:00:00+00:00,270.3625319689,271.6209244971,268.5149003702,269.8032531738,12978600,0.0,0.0,0.0,0.018127711391937362,0.5326610315407798
2025-09-11 04:00:00+00:00,271.5010917518,271.8806089056,270.2726594614,270.712097168,11714600,0.0,0.0,0.0,0.003368543497934029,0.5378238668931135
2025-09-12 04:00:00+00:00,271.2513951817,271.5110407346,269.9530455036,270.5323181152,7806100,0.0,0.0,0.0,-0.0006640968567003247,0.536802602896951
2025-09-15 04:00:00+00:00,270.9617777965,273.0291283169,270.632214754,272.9692077637,8134000,0.0,0.0,0.0,0.009007757984250686,0.5506457488134133
2025-09-16 04:00:00+00:00,273.5984054443,273.7881640231,271.6908532155,272.0204162598,8040700,0.0,0.0,0.0,-0.003475818799024921,0.5452559851690595
2025-09-17 04:00:00+00:00,271.8406382738,272.1702012983,268.2752131629,271.0816040039,9474300,0.0,0.0,0.0,-0.0034512565961349884,0.5399229102575278
2025-09-18 04:00:00+00:00,274.597113248,276.5745524073,273.268803238,275.7655944824,10441300,0.0,0.0,0.0,0.017278894655030186,0.5665310760007352
2025-09-19 04:00:00+00:00,276.8741784432,278.8216572761,275.9753092358,278.5620117188,7835400,0.0,0.0,0.0,0.010140558838200198,0.5824165765487896
2025-09-22 04:00:00+00:00,278.1499938965,282.8900146484,278.0400085449,282.6600036621,7885600,0.358,0.0,0.0,0.014711237609228656,0.6056958828031811
2025-09-23 04:00:00+00:00,282.2699890137,282.7300109863,278.9800109863,280.2200012207,8228200,0.0,0.0,0.0,-0.008632287588578813,0.5918350541630271
2025-09-24 04:00:00+00:00,280.9700012207,280.9700012207,276.6300048828,278.4899902344,6735500,0.0,0.0,0.0,-0.006173759827148961,0.5820074468541878
2025-09-25 04:00:00+00:00,275.9599914551,278.6900024414,274.25,278.0,10674800,0.0,0.0,0.0,-0.0017594536664947702,0.5792239780513981
2025-09-26 04:00:00+00:00,278.299987793,279.0899963379,276.3800048828,278.8399963379,8267000,0.0,0.0,0.0,0.0030215695607913595,0.5839957131531501
2025-09-29 04:00:00+00:00,280.4400024414,281.9200134277,279.6799926758,280.3299865723,8053700,0.0,0.0,0.0,0.005343531250783906,0.5924598437474917
2025-09-30 04:00:00+00:00,280.3299865723,282.1400146484,279.7399902344,281.8599853516,9107600,0.0,0.0,0.0,0.005457849151308647,0.601151249354182
2025-10-01 04:00:00+00:00,280.4200134277,284.8200073242,280.3399963379,284.6199951172,8705600,0.0,0.0,0.0,0.00979213052238359,0.6168299313739356
2025-10-02 04:00:00+00:00,287.2699890137,287.3299865723,284.8699951172,286.1600036621,8803900,0.0,0.0,0.0,0.0054107531843146095,0.6255781990736122
2025-10-03 04:00:00+00:00,286.4200134277,287.8800048828,283.7399902344,284.7200012207,8729000,0.0,0.0,0.0,-0.005032158313432067,0.6173980322250101
2025-10-06 04:00:00+00:00,288.5599975586,289.4400024414,287.450012207,287.6000061035,8972800,0.0,0.0,0.0,0.01011521800524151,0.6337583659222148
2025-10-07 04:00:00+00:00,289.0799865723,289.5,284.1700134277,285.6799926758,7794200,0.0,0.0,0.0,-0.006675985351019098,0.6228514190042131
2025-10-08 04:00:00+00:00,286.3399963379,290.700012207,286.1900024414,290.6900024414,7018900,0.0,0.0,0.0,0.01753713908584964,0.6513115900549584
2025-10-09 04:00:00+00:00,290.5599975586,290.8200073242,288.6900024414,290.200012207,5994700,0.0,0.0,0.0,-0.0016856108923071211,0.6485281212521687
2025-10-10 04:00:00+00:00,290.8099975586,291.3399963379,278.2799987793,278.3900146484,22287300,0.0,0.0,0.0,-0.04069606155004546,0.5814395193627098
2025-10-13 04:00:00+00:00,284.7300109863,286.1199951172,283.1099853516,285.1700134277,11015200,0.0,0.0,0.0,0.02435431740561156,0.6199543993750469
2025-10-14 04:00:00+00:00,281.4299926758,284.3800048828,278.2399902344,281.5100097656,13478400,0.0,0.0,0.0,-0.012834461864020374,0.5991631564148159
2025-10-15 04:00:00+00:00,285.4599914551,286.5799865723,280.799987793,284.299987793,10468800,0.0,0.0,0.0,0.00991075958443921,0.615012077994336
2025-10-16 04:00:00+00:00,286.3500061035,287.6199951172,282.5700073242,284.5100097656,11583100,0.0,0.0,0.0,0.00073873366731525,0.6162051417894712
2025-10-17 04:00:00+00:00,282.8200073242,285.8599853516,281.0199890137,285.0100097656,12755800,0.0,0.0,0.0,0.001757407412174894,0.6190454726852472
2025-10-20 04:00:00+00:00,286.6400146484,289.4200134277,286.4700012207,288.1900024414,6902600,0.0,0.0,0.0,0.011157477165153917,0.6371099355760788
2025-10-21 04:00:00+00:00,288.0100097656,289.3699951172,286.950012207,288.3399963379,6251900,0.0,0.0,0.0,0.0005204687713984413,0.6379620001728923
2025-10-22 04:00:00+00:00,288.2099914551,288.8399963379,281.8999938965,285.4899902344,10361600,0.0,0.0,0.0,-0.009884185821241842,0.6217720793950505
2025-10-23 04:00:00+00:00,284.3699951172,289.549987793,284.3699951172,289.0899963379,5961700,0.0,0.0,0.0,0.01260992058090804,0.6422224965165562
2025-10-24 04:00:00+00:00,292.5,294.5700073242,292.0700073242,293.5799865723,7179800,0.0,0.0,0.0,0.015531461798325097,0.667728612485553
2025-10-27 04:00:00+00:00,297.700012207,299.2600097656,297.2200012207,299.0,7583500,0.0,0.0,0.0,0.01846179465767217,0.6985178756739858
2025-10-28 04:00:00+00:00,300.450012207,303.1400146484,299.4200134277,301.9599914551,7527600,0.0,0.0,0.0,0.009899636973578652,0.7153325860362922
2025-10-29 04:00:00+00:00,304.700012207,305.9899902344,301.8699951172,304.1300048828,10753100,0.0,0.0,0.0,0.007186426974126636,0.7276596984021819
2025-10-30 04:00:00+00:00,302.3999938965,303.9599914551,300.2900085449,300.3900146484,9609300,0.0,0.0,0.0,-0.012297340526599032,0.7064140787768489
2025-10-31 04:00:00+00:00,303.4200134277,303.6400146484,298.9400024414,300.6799926758,8151900,0.0,0.0,0.0,0.000965338437562302,0.7080613458774896
2025-11-03 05:00:00+00:00,303.5599975586,304.2200012207,300.2600097656,301.9100036621,6991800,0.0,0.0,0.0,0.0040907643217424905,0.7150486222905528
2025-11-04 05:00:00+00:00,296.450012207,298.3999938965,293.450012207,293.9400024414,8361300,0.0,0.0,0.0,-0.02639859933101152,0.6697737408775011
2025-11-05 05:00:00+00:00,293.4200134277,297.4800109863,292.9700012207,295.0899963379,7223500,0.0,0.0,0.0,0.003912342270355973,0.6763064672658665
2025-11-06 05:00:00+00:00,294.6199951172,294.9400024414,287.6700134277,289.1600036621,12398700,0.0,0.0,0.0,-0.020095539494364045,0.6426201844482675
2025-11-07 05:00:00+00:00,286.6900024414,288.2300109863,281.6000061035,288.1600036621,12773500,0.0,0.0,0.0,-0.0034582929427838804,0.6369395226567158
2025-11-10 05:00:00+00:00,293.3099975586,296.0899963379,291.7900085449,295.5299987793,9143200,0.0,0.0,0.0,0.025576051580850745,0.6788059723229172
2025-11-11 05:00:00+00:00,293.5799865723,294.1099853516,291.0599975586,293.0100097656,7435800,0.0,0.0,0.0,-0.008527015951371952,0.6644907670176612
2025-11-12 05:00:00+00:00,295.4599914551,295.4599914551,292.1499938965,293.9200134277,6167693,0.0,0.0,0.0,0.0031057084460288653,0.669660190051125
